EURUSD;10080;Setup;Trend_Cont;;;;;;;;;;;;;;;;;;;;;;;;;;;;;;;2025.09.20;23:00
EURUSD;10080;Setup;Trend_Reversal;;;;;;;;;;;;;;;;;;;;;;;;;;;;;;;2025.09.20;23:00
EURUSD;10080;Setup;MACD_Div_Partial;;;;;;;;;;;;;;;;;;;;;;;;;;;;;;;2025.09.20;23:00
EURUSD;10080;Setup;MACD_Div_Full;;;;;;;;;;;;;;;;;;;;;;;;;;;;;;;2025.09.20;23:00
EURUSD;10080;Setup;REload_ST;;;;;;;;;;;;;;;;;;;;;;;;;;;;;;;2025.09.20;23:00
EURUSD;10080;Setup;REload_MT;;;;;;;;;;;;;;;;;;;;;;;;;;;;;;;2025.09.20;23:00
EURUSD;10080;Setup;CycleAfter_X;;;;;;;;;;;;;;;;;;;;;;;;;;;;;;;2025.09.20;23:00
EURUSD;10080;Setup;CycleAfter_DAD;;;s;s;s;;;;;;;;;;;;;;;;;;;;;;;;;;2025.09.20;23:00
EURUSD;10080;Setup;MT_MOM_Wave3;;;;;;;;;;;;;;;;;;;;;;;;;;;;;;;2025.09.20;23:00
EURUSD;10080;Setup;MT_MOM_Wave2;;;s;s;s;s;s;s;s;;;;;;;;;;;;;;;;;;;;;;2025.09.20;23:00
EURUSD;10080;Setup;X_Marks_the_spot;;;;;;;;;;;;;;;;;;;;;;;;;;;;;;;2025.09.20;23:00
EURUSD;10080;Setup;ImpulseWithoutRetrace;;;;;;;;;;;;;;;;;;;;;;;;;;;;;;;2025.09.20;23:00
EURUSD;10080;Setup;MT_Rubberband;;;;;;;;;;;;;;;;;;;;;;;;;;;;;;;2025.09.20;23:00
EURUSD;10080;Setup;ST_Rubberband;;;;;;;;;;;;;;;;;;;;;;;;;;;;;;;2025.09.20;23:00
EURUSD;10080;Setup;LT_Conv.;;;s;s;s;s;s;s;s;;;;;;;;;;;;;;;;;;;;;;2025.09.20;23:00
EURUSD;10080;K_D_MOM;MT_D_Angle;;;;;;;;;;;;;;;;;;;;;;;;;;;;;;;2025.09.20;23:00
EURUSD;10080;K_D_MOM;MT_K_Angle;;;;;;;;;;;;;;;;;;;;;;;;;;;;;;;2025.09.20;23:00
EURUSD;10080;K_D_MOM;MT_MOM_Angle;;;;;;;;;;;;;;;;;;;;;;;;;;;;;;;2025.09.20;23:00
EURUSD;10080;K_D_MOM;ST_D_Angle;;;;;;;;;;;;;;;;;;;;;;;;;;;;;;;2025.09.20;23:00
EURUSD;10080;K_D_MOM;ST_K_Angle;;;;;;;;;;;;;;;;;;;;;;;;;;;;;;;2025.09.20;23:00
EURUSD;10080;K_D_MOM;ST_MOM_Angle;;;;;;;;;;;;;;;;;;;;;;;;;;;;;;;2025.09.20;23:00
EURUSD;10080;BellCurve;TD_Countdown;;;;;;;;;;;;;;;;;;;;;;;;;;;;;;;2025.09.20;23:00
EURUSD;10080;BellCurve;TD_Nine;;;;;;;;;;;;;;;;;;;;;;;;;;;;;;;2025.09.20;23:00
EURUSD;10080;BellCurve;Riding21EMA;;;;;;;;;;;;;;;;;;;;;;;;;;;;;;;2025.09.20;23:00
EURUSD;10080;BellCurve;Riding8EMA;;;;;;;;;;;;;;;;;;;;;;;;;;;;;;;2025.09.20;23:00
EURUSD;10080;BellCurve;SMI-div.;;;;;;;;;;;;;;;;;;;;;;;;;;;;;;;2025.09.20;23:00
EURUSD;10080;BellCurve;SMI-climax;;;;;;;;;;;;;;;;;;;;;;;;;;;;;;;2025.09.20;23:00
EURUSD;10080;BellCurve;RSI_BB_Stoc;;;;;;;;;;;;;;;;;;;;;;;;;;;;;;;2025.09.20;23:00
EURUSD;10080;BellCurve;ADX;;;;;;;;;;;;;;;;;;;;;;;;;;;;;;;2025.09.20;23:00
EURUSD;10080;BellCurve;MFI;;;;;;;;;;;;;;;;;;;;;;;;;;;;;;;2025.09.20;23:00
EURUSD;10080;BellCurve;BB_RSI;;;;;;;;;;;;;;;;;;;;;;;;;;;;;;;2025.09.20;23:00
EURUSD;10080;BellCurve;CCI;;;;;;;;;;;;;;;;;;;;;;;;;;;;;;;2025.09.20;23:00
BTCUSD;10080;Setup;Trend_Cont;;;;;;;b1;b1;b1;b1;b1;;;;;;;;;;;;;;;;;;;;2025.09.20;23:00
BTCUSD;10080;Setup;Trend_Reversal;;;;;;;;;;;;;;;;;;;;;;;;;;;;;;;2025.09.20;23:00
BTCUSD;10080;Setup;MACD_Div_Partial;;;;;;;;;;;;;;;;;;;;;;;;;;;;;;;2025.09.20;23:00
BTCUSD;10080;Setup;MACD_Div_Full;;;;;;;;;;;;;;;;;;;;;;;;;;;;;;;2025.09.20;23:00
BTCUSD;10080;Setup;REload_ST;;;;;;;;;;;;;;;;;;;;;;;;;;;;;;;2025.09.20;23:00
BTCUSD;10080;Setup;REload_MT;;;;;;;;;;;;;;;;;;;;;;;;;;;;;;;2025.09.20;23:00
BTCUSD;10080;Setup;CycleAfter_X;;;;;;;;;;;;;;;;;;;;;;;;;;;;;;;2025.09.20;23:00
BTCUSD;10080;Setup;CycleAfter_DAD;;;;;;;;;;;;;;;;;;;;;;;;;;;;;;;2025.09.20;23:00
BTCUSD;10080;Setup;MT_MOM_Wave3;;;;;;;;;;;;;;;;;;;;;;;;;;;;;;;2025.09.20;23:00
BTCUSD;10080;Setup;MT_MOM_Wave2;;;;;;;;;;;;;;;;;;;;;;;;;;;;;;;2025.09.20;23:00
BTCUSD;10080;Setup;X_Marks_the_spot;;;;;;;;;;;;;;;;;;;;;;;;;;;;;;;2025.09.20;23:00
BTCUSD;10080;Setup;ImpulseWithoutRetrace;;;;;;;;;;;;;;;;;;;;;;;;;;;;;;;2025.09.20;23:00
BTCUSD;10080;Setup;MT_Rubberband;;;;;;;;;;;;;;;;;;;;;;;;;;;;;;;2025.09.20;23:00
BTCUSD;10080;Setup;ST_Rubberband;;;;;;;;;;;;;;;;;;;;;;;;;;;;;;;2025.09.20;23:00
BTCUSD;10080;Setup;LT_Conv.;;;;;;;;;;;;;;;;;;;;;;;;;;;;;;;2025.09.20;23:00
BTCUSD;10080;K_D_MOM;MT_D_Angle;;;;;;;;;;;;;;;;;;;;;;;;;;;;;;;2025.09.20;23:00
BTCUSD;10080;K_D_MOM;MT_K_Angle;;;;;;;;;;;;;;;;;;;;;;;;;;;;;;;2025.09.20;23:00
BTCUSD;10080;K_D_MOM;MT_MOM_Angle;;;;;;;;;;;;;;;;;;;;;;;;;;;;;;;2025.09.20;23:00
BTCUSD;10080;K_D_MOM;ST_D_Angle;;;;;;;;;;;;;;;;;;;;;;;;;;;;;;;2025.09.20;23:00
BTCUSD;10080;K_D_MOM;ST_K_Angle;;;;;;;;;;;;;;;;;;;;;;;;;;;;;;;2025.09.20;23:00
BTCUSD;10080;K_D_MOM;ST_MOM_Angle;;;;;;;;;;;;;;;;;;;;;;;;;;;;;;;2025.09.20;23:00
BTCUSD;10080;TRIGGER;P.ActionBar;;;;;;;;;;;;;;;;;;;;;;;;;;;;;;;2025.09.20;23:00
BTCUSD;10080;TRIGGER;Stoc_Div.;;;;;;;;;;;;;;;;;;;;;;;;;;;;;;;2025.09.20;23:00
BTCUSD;10080;BellCurve;TD_Countdown;;;;;;;;;;;;;;;;;;;;;;;;;;;;;;;2025.09.20;23:00
BTCUSD;10080;BellCurve;TD_Nine;;;;;;;;;;;;;;;;;;;;;;;;;;;;;;;2025.09.20;23:00
BTCUSD;10080;BellCurve;Riding21EMA;;;;;;;;;;;;;;;;;;;;;;;;;;;;;;;2025.09.20;23:00
BTCUSD;10080;BellCurve;Riding8EMA;;;;;;;;;;;;;;;;;;;;;;;;;;;;;;;2025.09.20;23:00
BTCUSD;10080;BellCurve;SMI-div.;;;;;;;;;;;;;;;;;;;;;;;;;;;;;;;2025.09.20;23:00
BTCUSD;10080;BellCurve;SMI-climax;;;;;;;;;;;;;;;;;;;;;;;;;;;;;;;2025.09.20;23:00
BTCUSD;10080;BellCurve;RSI_BB_Stoc;;;;;;;;;;;;;;;;;;;;;;;;;;;;;;;2025.09.20;23:00
BTCUSD;10080;BellCurve;ADX;;;;;;;;;;;;;;;;;;;;;;;;;;;;;;;2025.09.20;23:00
BTCUSD;10080;BellCurve;MFI;;;;;;;;;;;;;;;;;;;;;;;;;;;;;;;2025.09.20;23:00
BTCUSD;10080;BellCurve;BB_RSI;;;;;;;;;;;;;;;;;;;;;;;;;;;;;;;2025.09.20;23:00
BTCUSD;10080;BellCurve;CCI;;;;;;;;;;;;;;;;;;;;;;;;;;;;;;;2025.09.20;23:00
ETHUSD;10080;Setup;Trend_Cont;;;;;;;;;;;;;;;;;;;;;;;;;;;;;;;2025.09.20;23:00
ETHUSD;10080;Setup;Trend_Reversal;;;;;;;;;;;;;;;;;;;;;;;;;;;;;;;2025.09.20;23:00
ETHUSD;10080;Setup;MACD_Div_Partial;;;;;;;;;;;;;;;;;;;;;s;s;s;s;;;;;;;2025.09.20;23:00
ETHUSD;10080;Setup;MACD_Div_Full;;;;;;;;;;;;;;;;;;;;;;;;;;;;;;;2025.09.20;23:00
ETHUSD;10080;Setup;REload_ST;;;;;;;;;;;;;;;;;;;;;;;;;;;;;;;2025.09.20;23:00
ETHUSD;10080;Setup;REload_MT;;;;;;;;;;;;;;;;;;;;;;;;;;;;;;;2025.09.20;23:00
ETHUSD;10080;Setup;CycleAfter_X;;;;;;;;;;;;;;;;;;;;;;;;;;;;;;;2025.09.20;23:00
ETHUSD;10080;Setup;CycleAfter_DAD;;;;;;;;;;;;;;;s;s;s;s;s;s;s;s;s;s;s;s;s;s;;;2025.09.20;23:00
ETHUSD;10080;Setup;MT_MOM_Wave3;;;b;b;b;b;b;b;b;b;b;b;b;b;;;;;;;;;;;;;;;;;2025.09.20;23:00
ETHUSD;10080;Setup;MT_MOM_Wave2;;;;;;;;;;;;;;;;;;;;;;;;;;;;;;;2025.09.20;23:00
ETHUSD;10080;Setup;X_Marks_the_spot;;;;;;;;;;;;;;;;;;;;;;;;;;;;;;;2025.09.20;23:00
ETHUSD;10080;Setup;ImpulseWithoutRetrace;;;;;;;;;;;;;;;;;;;;;;;;;;;;;;;2025.09.20;23:00
ETHUSD;10080;Setup;MT_Rubberband;;;;;;;;;b;b;;;;;;;;;;;;;;;;;;;;;2025.09.20;23:00
ETHUSD;10080;Setup;ST_Rubberband;;;;;;;;;;;;;;;;;;;;s;;;;;;;;;;;2025.09.20;23:00
ETHUSD;10080;Setup;LT_Conv.;;;;;;;;;;;;;;;s;s;s;s;s;s;s;s;s;s;s;;;;;;2025.09.20;23:00
ETHUSD;10080;K_D_MOM;MT_D_Angle;;;;;;;;;;;;;;;;;;;;;;;;;;;;;;;2025.09.20;23:00
ETHUSD;10080;K_D_MOM;MT_K_Angle;;;;;;;;;;;;;;;;;;;;;;;;;;;;;;;2025.09.20;23:00
ETHUSD;10080;K_D_MOM;MT_MOM_Angle;;;;;;;;;;;;;;;;;;;;;;;;;;;;;;;2025.09.20;23:00
ETHUSD;10080;K_D_MOM;ST_D_Angle;;;;;;;;;;;;;;;;;;;;;;;;;;;;;;;2025.09.20;23:00
ETHUSD;10080;K_D_MOM;ST_K_Angle;;;;;;;;;;;;;;;;;;;;;;;;;;;;;;;2025.09.20;23:00
ETHUSD;10080;K_D_MOM;ST_MOM_Angle;;;;;;;;;;;;;;;;;;;;;;;;;;;;;;;2025.09.20;23:00
ETHUSD;10080;TRIGGER;P.ActionBar;;;;;;;;;;;;;;;;;;;;;;;;;;;;;;;2025.09.20;23:00
ETHUSD;10080;TRIGGER;Stoc_Div.;;;;;;;;;;;;;;;;;;;;;;;;;;;;;;;2025.09.20;23:00
ETHUSD;10080;BellCurve;TD_Countdown;;;;;;;;;;;;;;;;;;;;;;;;;;;;;;;2025.09.20;23:00
ETHUSD;10080;BellCurve;TD_Nine;;;;;;;;;;;;;;;;;;;;;;;;;;;;;;;2025.09.20;23:00
ETHUSD;10080;BellCurve;Riding21EMA;;;;;;;;;;;;;;;;;;;;;;;;;;;;;;;2025.09.20;23:00
ETHUSD;10080;BellCurve;Riding8EMA;;;;;;;;;;;;;;;;;;;;;;;;;;;;;;;2025.09.20;23:00
ETHUSD;10080;BellCurve;SMI-div.;;;;;;;;;;;;;;;;;;;;;;;;;;;;;;;2025.09.20;23:00
ETHUSD;10080;BellCurve;SMI-climax;;;;;;;;;;;;;;;;;;;;;;;;;;;;;;;2025.09.20;23:00
ETHUSD;10080;BellCurve;RSI_BB_Stoc;;;;;;;;;;;;;;;;;;;;;;;;;;;;;;;2025.09.20;23:00
ETHUSD;10080;BellCurve;ADX;;;;;;;;;;;;;;;;;;;;;;;;;;;;;;;2025.09.20;23:00
ETHUSD;10080;BellCurve;MFI;;;;;;;;;;;;;;;;;;;;;;;;;;;;;;;2025.09.20;23:00
ETHUSD;10080;BellCurve;BB_RSI;;;;;;;;;;;;;;;;;;;;;;;;;;;;;;;2025.09.20;23:00
ETHUSD;10080;BellCurve;CCI;;;;;;;;;;;;;;;;;;;;;;;;;;;;;;;2025.09.20;23:00
NAS100;10080;Setup;Trend_Cont;;;;;;;;;;;;;;;;;;;;;;;;;;;;;;;2025.09.20;23:00
NAS100;10080;Setup;Trend_Reversal;s19;s19;;;;;;;;;;;;;s19;s19;s19;s21;s21;s21;s21;s21;s21;s21;s21;s21;s21;s21;s21;s21;2025.09.20;23:00
NAS100;10080;Setup;MACD_Div_Partial;;;;;;;;;;;;;;;s;s;s;s;s;s;s;s;s;s;s;s;s;s;s;s;2025.09.20;23:00
NAS100;10080;Setup;MACD_Div_Full;;;;;;;;;;;;;;;;;;;;;;;;;;;;;;;2025.09.20;23:00
NAS100;10080;Setup;REload_ST;;;;;;;;;;;;;;;;;;;;;;;;;;;;;;;2025.09.20;23:00
NAS100;10080;Setup;REload_MT;;;;;;;;;;;;;;;;;;;;;;;;;;;;;;;2025.09.20;23:00
NAS100;10080;Setup;CycleAfter_X;;;;;;;;;;;;;;;;;;;;;;;;;;;;;;;2025.09.20;23:00
NAS100;10080;Setup;CycleAfter_DAD;;;;;;;;;;;;s;s;s;s;s;s;s;s;s;s;s;s;s;s;s;s;s;;;2025.09.20;23:00
NAS100;10080;Setup;MT_MOM_Wave3;s;s;;;;;;;;;;;;;;;;;;;;;;;;;;;;;2025.09.20;23:00
NAS100;10080;Setup;MT_MOM_Wave2;;;;;;;;;;;;s;s;s;s;s;s;s;s;s;s;s;s;s;s;s;s;s;s;s;2025.09.20;23:00
NAS100;10080;Setup;X_Marks_the_spot;;;;;;;;;;;;;;;;;;;;;;;;;;;;;;;2025.09.20;23:00
NAS100;10080;Setup;ImpulseWithoutRetrace;;;;;;;;;;;;;;;;;;;;;;;;;;;;;;;2025.09.20;23:00
NAS100;10080;Setup;MT_Rubberband;;;;;;;;;;;;;;;;;;;;;;;;;;;;;;;2025.09.20;23:00
NAS100;10080;Setup;ST_Rubberband;;;;;b;b;b;b;;;;;;;;;;;;;;;;;;;;;;;2025.09.20;23:00
NAS100;10080;Setup;LT_Conv.;s;s;;;;;;;;;;;s;s;s;s;s;s;s;s;s;s;s;s;s;s;;;;;2025.09.20;23:00
NAS100;10080;K_D_MOM;MT_D_Angle;s;s;;;;;;;;;;;;;;;;;;;;;;;;;;s;s;s;2025.09.20;23:00
NAS100;10080;K_D_MOM;MT_K_Angle;s;s;;;;;b;b;;;;;;;;;;;;;;;s;s;s;s;s;s;;s;2025.09.20;23:00
NAS100;10080;K_D_MOM;MT_MOM_Angle;s;s;;;;;;;;;;;;;;;;;;;;;;;;;;;;;2025.09.20;23:00
NAS100;10080;K_D_MOM;ST_D_Angle;s;s;;;;;;;;;;;;;;;;;;;;;s;s;s;;;s;;;2025.09.20;23:00
NAS100;10080;K_D_MOM;ST_K_Angle;s;s;;;;;;;;;;;;;;;;;;;;;s;s;;s;s;;;;2025.09.20;23:00
NAS100;10080;K_D_MOM;ST_MOM_Angle;s;s;;;;;;;;;;;;;;;;;;;;;s;;;s;s;s;;;2025.09.20;23:00
NAS100;10080;TRIGGER;P.ActionBar;;;;;;;;;;;;;;;;;;;;;;;;;;;;;;;2025.09.20;23:00
NAS100;10080;TRIGGER;Stoc_Div.;;;;;;;;;;;;;;;;;;;;;;;;;;;;;;;2025.09.20;23:00
NAS100;10080;BellCurve;TD_Countdown;;;;;;;;;;;;;;;;;;;;;;;;;;;;;;;2025.09.20;23:00
NAS100;10080;BellCurve;TD_Nine;;;;;;;;;;;;;;;;s;s;s;s;s;s;s;s;s;s;s;s;s;s;s;2025.09.20;23:00
NAS100;10080;BellCurve;Riding21EMA;;;;;;;;;;;;;;;;;;;;;;;;;;;;;;;2025.09.20;23:00
NAS100;10080;BellCurve;Riding8EMA;;;;;;;;;;;;;;;;;;;;;;;;;;;;;;;2025.09.20;23:00
NAS100;10080;BellCurve;SMI-div.;;;;;;;;;;;;;;;;;;;;;;;;;;;;;;;2025.09.20;23:00
NAS100;10080;BellCurve;SMI-climax;;;;;;;;;;;;;;;;;;;;;;;;;;;;;;;2025.09.20;23:00
NAS100;10080;BellCurve;RSI_BB_Stoc;;;;;;;;;;;;;;;;;;;;;;;;;;;;;;;2025.09.20;23:00
NAS100;10080;BellCurve;ADX;;;;;;;;;;;;;;;;;;;;;;;;;;;;;;;2025.09.20;23:00
NAS100;10080;BellCurve;MFI;;;;;;;;;;;;;;;;;;;;;;;;;;;;;;;2025.09.20;23:00
NAS100;10080;BellCurve;BB_RSI;;;;;;;;;;;;;;;;;;;;;;;;;;;;;;;2025.09.20;23:00
NAS100;10080;BellCurve;CCI;;;;;;;;;;;;;;;;;;;;;;;;;;;;;;;2025.09.20;23:00
XAGUSD;10080;Setup;Trend_Cont;;;;;;;;;;;;;;;;;;;;;;;;;;;;;;;2025.09.20;23:00
XAGUSD;10080;Setup;Trend_Reversal;;;;;;;;;;;;;;;;;;;;;;;;;;;;;;;2025.09.20;23:00
XAGUSD;10080;Setup;MACD_Div_Partial;;;;;s;s;s;s;;;;;;;s;s;s;s;s;s;;;;;;;;;;;2025.09.20;23:00
XAGUSD;10080;Setup;MACD_Div_Full;;;;;;;;;;;;;;;;;;;;;;;;;;;;;;;2025.09.20;23:00
XAGUSD;10080;Setup;REload_ST;;;;;;;;;;;;;;;;;;;;;;;;;;;;;;;2025.09.20;23:00
XAGUSD;10080;Setup;REload_MT;;;;;;;;;;;;;;;;;;;;;;;;;;;;;;;2025.09.20;23:00
XAGUSD;10080;Setup;CycleAfter_X;;;;;;;;;;;;;;;;;;;;;;;;;;;;;;;2025.09.20;23:00
XAGUSD;10080;Setup;CycleAfter_DAD;;;;;;;;;;;;;;;;;;;;;;;;;;;;;;;2025.09.20;23:00
XAGUSD;10080;Setup;MT_MOM_Wave3;;;;;;;;;;;;;;;;;;;;;;;;;;;;;;;2025.09.20;23:00
XAGUSD;10080;Setup;MT_MOM_Wave2;s;s;s;s;s;s;s;s;s;s;s;s;s;s;s;s;s;s;s;s;;;;;;;;;;;2025.09.20;23:00
XAGUSD;10080;Setup;X_Marks_the_spot;;;;;;;;;;;;;;;;;;;;;;;;;;;;;;;2025.09.20;23:00
XAGUSD;10080;Setup;ImpulseWithoutRetrace;;;;;;;;;;;;;;;;;;;;;;;;;;;;;;;2025.09.20;23:00
XAGUSD;10080;Setup;MT_Rubberband;;;;;;;;;;;;;;;;;;;;;;;;;;;;;;;2025.09.20;23:00
XAGUSD;10080;Setup;ST_Rubberband;;;;;;;;;;;;;;;;;;;;;;;;;;;;;;;2025.09.20;23:00
XAGUSD;10080;Setup;LT_Conv.;s;s;s;s;s;s;s;s;s;s;s;s;s;s;s;s;s;;;;;;;;;;;;;;2025.09.20;23:00
XAGUSD;10080;K_D_MOM;MT_D_Angle;;;;;;;;;;;;;;;;;;;;;;;;;;;;;;;2025.09.20;23:00
XAGUSD;10080;K_D_MOM;MT_K_Angle;;;;;;;;;;;;;;;;;;;;;;;;;;;;;;;2025.09.20;23:00
XAGUSD;10080;K_D_MOM;MT_MOM_Angle;;;;;;;;;;;;;;;;;;;;;;;;;;;;;;;2025.09.20;23:00
XAGUSD;10080;K_D_MOM;ST_D_Angle;;;;;;;;;;;;;;;;;;;;;;;;;;;;;;;2025.09.20;23:00
XAGUSD;10080;K_D_MOM;ST_K_Angle;;;;;;;;;;;;;;;;;;;;;;;;;;;;;;;2025.09.20;23:00
XAGUSD;10080;K_D_MOM;ST_MOM_Angle;;;;;;;;;;;;;;;;;;;;;;;;;;;;;;;2025.09.20;23:00
XAGUSD;10080;TRIGGER;P.ActionBar;;;;;;;;;;;;;;;;;;;;;;;;;;;;;;;2025.09.20;23:00
XAGUSD;10080;TRIGGER;Stoc_Div.;;;;;;;;;;;;;;;;;;;;;;;;;;;;;;;2025.09.20;23:00
XAGUSD;10080;BellCurve;TD_Countdown;;;;;;;;;;;;;;;;;;;;;;;;;;;;;;;2025.09.20;23:00
XAGUSD;10080;BellCurve;TD_Nine;;;;;;;;;;;;;;;;;;;;;;;;;;;;;;;2025.09.20;23:00
XAGUSD;10080;BellCurve;Riding21EMA;;;;;;;;;;;;;;;;;;;;;;;;;;;;;;;2025.09.20;23:00
XAGUSD;10080;BellCurve;Riding8EMA;;;;;;;;;;;;;;;;;;;;;;;;;;;;;;;2025.09.20;23:00
XAGUSD;10080;BellCurve;SMI-div.;;;;;;;;;;;;;;;;;;;;;;;;;;;;;;;2025.09.20;23:00
XAGUSD;10080;BellCurve;SMI-climax;;;;;;;;;;;;;;;;;;;;;;;;;;;;;;;2025.09.20;23:00
XAGUSD;10080;BellCurve;RSI_BB_Stoc;;;;;;;;;;;;;;;;;;;;;;;;;;;;;;;2025.09.20;23:00
XAGUSD;10080;BellCurve;ADX;;;;;;;;;;;;;;;;;;;;;;;;;;;;;;;2025.09.20;23:00
XAGUSD;10080;BellCurve;MFI;;;;;;;;;;;;;;;;;;;;;;;;;;;;;;;2025.09.20;23:00
XAGUSD;10080;BellCurve;BB_RSI;;;;;;;;;;;;;;;;;;;;;;;;;;;;;;;2025.09.20;23:00
XAGUSD;10080;BellCurve;CCI;;;;;;;;;;;;;;;;;;;;;;;;;;;;;;;2025.09.20;23:00
EURUSD;1440;Setup;Trend_Cont;;;;;;;;;;;;;;;;;;;;;;;;;;;;;;;2025.09.25;23:00
EURUSD;1440;Setup;Trend_Reversal;;;;;;;;;;;;;;;;;;;;;;;;;;;;;;;2025.09.25;23:00
EURUSD;1440;Setup;MACD_Div_Partial;;;;;;;;;;;;;;;;;;;;;;;s;s;s;s;;;;;2025.09.25;23:00
EURUSD;1440;Setup;MACD_Div_Full;;;;;;;;;;;;;;;;;;;;;;;;;;;;;;;2025.09.25;23:00
EURUSD;1440;Setup;REload_ST;;;;;;;;;;;;;;;;;;;;;;;;;;;;;;;2025.09.25;23:00
EURUSD;1440;Setup;REload_MT;;;;;;;;;;;;;;;;;;;;;;;;;;;;;;;2025.09.25;23:00
EURUSD;1440;Setup;CycleAfter_X;;;;;;;;;;;;;;;;;;;;;;;;;;;;;;;2025.09.25;23:00
EURUSD;1440;Setup;CycleAfter_DAD;;;;;;;;;;;;;;;;;;;;;;;;;;;;;;;2025.09.25;23:00
EURUSD;1440;Setup;MT_MOM_Wave3;;;;;;;;;;;;;;;;;;;;;;;;;;;;;;;2025.09.25;23:00
EURUSD;1440;Setup;MT_MOM_Wave2;;;;;;;;;;;;;;;;;;;;;;;;;;;;;;;2025.09.25;23:00
EURUSD;1440;Setup;X_Marks_the_spot;;;;;;;;;;;;;;;;;;;;;;;;;;;;;;;2025.09.25;23:00
EURUSD;1440;Setup;ImpulseWithoutRetrace;;;;;;;;;;;;;;;;;;;;;;;;;;;;;;;2025.09.25;23:00
EURUSD;1440;Setup;MT_Rubberband;;;;;;;;;;;;;;;;;;;;;;;;;;;;;;;2025.09.25;23:00
EURUSD;1440;Setup;ST_Rubberband;;;;;;;;;;;;;;;;s;;;;;;;;;;;;;;;2025.09.25;23:00
EURUSD;1440;Setup;LT_Conv.;;;;;;;;;;;;;;;;s;;;;;;;;;;s;;;;;2025.09.25;23:00
EURUSD;1440;K_D_MOM;MT_D_Angle;;;;;;;;;;;;;;;;;;;;;;;;;;;;;;;2025.09.25;23:00
EURUSD;1440;K_D_MOM;MT_K_Angle;;;;;;;;;;;;;;;;;;;;;;;;;;;;;;;2025.09.25;23:00
EURUSD;1440;K_D_MOM;MT_MOM_Angle;;;;;;;;;;;;;;;;;;;;;;;;;;;;;;;2025.09.25;23:00
EURUSD;1440;K_D_MOM;ST_D_Angle;;;;;;;;;;;;;;;;;;;;;;;;;;;;;;;2025.09.25;23:00
EURUSD;1440;K_D_MOM;ST_K_Angle;;;;;;;;;;;;;;;;;;;;;;;;;;;;;;;2025.09.25;23:00
EURUSD;1440;K_D_MOM;ST_MOM_Angle;;;;;;;;;;;;;;;;;;;;;;;;;;;;;;;2025.09.25;23:00
EURUSD;1440;TRIGGER;P.ActionBar;;;;;;;;;;;;;;;;;;;;;;;;;;;;;;;2025.09.25;23:00
EURUSD;1440;TRIGGER;Stoc_Div.;;;;;;;;;;;;;;;;;;;;;;;;;;;;;;;2025.09.25;23:00
EURUSD;1440;BellCurve;TD_Countdown;;;;;;;;;;;;;;;;;;;;;;;;;;;;;;;2025.09.25;23:00
EURUSD;1440;BellCurve;TD_Nine;;;;;;;;;;;;;;;;;;;;;;;;;;;;;;;2025.09.25;23:00
EURUSD;1440;BellCurve;Riding21EMA;;;;;;;;;;;;;;;;;;;;;;;;;;;;;;;2025.09.25;23:00
EURUSD;1440;BellCurve;Riding8EMA;;;;;;;;;;;;;;;;;;;;;;;;;;;;;;;2025.09.25;23:00
EURUSD;1440;BellCurve;SMI-div.;;;;;;;;;;;;;;;;;;;;;;;;;;;;;;;2025.09.25;23:00
EURUSD;1440;BellCurve;SMI-climax;;;;;;;;;;;;;;;;;;;;;;;;;;;;;;;2025.09.25;23:00
EURUSD;1440;BellCurve;RSI_BB_Stoc;;;;;;;;;;;;;;;;;;;;;;;;;;;;;;;2025.09.25;23:00
EURUSD;1440;BellCurve;ADX;;;;;;;;;;;;;;;;;;;;;;;;;;;;;;;2025.09.25;23:00
EURUSD;1440;BellCurve;MFI;;;;;;;;;;;;;;;;;;;;;;;;;;;;;;;2025.09.25;23:00
XAGUSD;1440;Setup;Trend_Cont;;;;;;;;;;;;;;;;;;;;;;;;;;;;;;;2025.09.25;23:00
XAGUSD;1440;Setup;Trend_Reversal;;;;;;;;;;;;;;;;;;;;;;;;;;;;;;;2025.09.25;23:00
XAGUSD;1440;Setup;MACD_Div_Partial;;;;;;;;;;s;s;s;s;s;s;s;s;s;s;s;;;;;;;;;;;2025.09.25;23:00
XAGUSD;1440;Setup;MACD_Div_Full;;;;;;;;;;;;;;;;;;;;;;;;;;;;;;;2025.09.25;23:00
XAGUSD;1440;Setup;REload_ST;;;;;;;;;;;;;;;;;;;;;;;;;;;;;;;2025.09.25;23:00
XAGUSD;1440;Setup;REload_MT;;;;;;;;;;;;;;;;;;;;;;;;;;;;;;;2025.09.25;23:00
XAGUSD;1440;Setup;CycleAfter_X;;;;;;;;;;;;;;;;;;;;;;;;;;;;;;;2025.09.25;23:00
XAGUSD;1440;Setup;CycleAfter_DAD;;;;;;;;;;;;;;;;;;;;;;;;;;;;;;;2025.09.25;23:00
XAGUSD;1440;Setup;MT_MOM_Wave3;;;;;;;;;;;;;;;;;;;;;;;;;;;;;;;2025.09.25;23:00
XAGUSD;1440;Setup;MT_MOM_Wave2;;;;;;;;;;;;;;;;;;;;;;;;;;;;;;;2025.09.25;23:00
XAGUSD;1440;Setup;X_Marks_the_spot;;;;;;;;;;;;;;;;;;;;;;;;;;;;;;;2025.09.25;23:00
XAGUSD;1440;Setup;ImpulseWithoutRetrace;;;;;;;;;;;;;;;;;;;;;;;;;;;;;;;2025.09.25;23:00
XAGUSD;1440;Setup;MT_Rubberband;;;;;;;;;;;;;;;;;;;;;;;;;;;;;;;2025.09.25;23:00
XAGUSD;1440;Setup;ST_Rubberband;;;;;;;;;;;;;;;;;;;;;;;;;;;;;;;2025.09.25;23:00
XAGUSD;1440;Setup;LT_Conv.;;;;;;;;;;s;s;s;s;s;s;s;s;s;;;;;;;;;;;;;2025.09.25;23:00
XAGUSD;1440;K_D_MOM;MT_D_Angle;;;;;;;;;;;;;;;;;;;;;;;;;;;;;;;2025.09.25;23:00
XAGUSD;1440;K_D_MOM;MT_K_Angle;;;;;;;;;;;;;;;;;;;;;;;;;;;;;;;2025.09.25;23:00
XAGUSD;1440;K_D_MOM;MT_MOM_Angle;;;;;;;;;;;;;;;;;;;;;;;;;;;;;;;2025.09.25;23:00
XAGUSD;1440;K_D_MOM;ST_D_Angle;;;;;;;;;;;;;;;;;;;;;;;;;;;;;;;2025.09.25;23:00
XAGUSD;1440;K_D_MOM;ST_K_Angle;;;;;;;;;;;;;;;;;;;;;;;;;;;;;;;2025.09.25;23:00
XAGUSD;1440;K_D_MOM;ST_MOM_Angle;;;;;;;;;;;;;;;;;;;;;;;;;;;;;;;2025.09.25;23:00
XAGUSD;1440;TRIGGER;P.ActionBar;;;;;;;;;;;;;;;;;;;;;;;;;;;;;;;2025.09.25;23:00
XAGUSD;1440;TRIGGER;Stoc_Div.;;;;;;;;;;;;;;;;;;;;;;;;;;;;;;;2025.09.25;23:00
XAGUSD;1440;BellCurve;TD_Countdown;;;;;;;;;;;;;;;;;;;;;;;;;;;;;;;2025.09.25;23:00
XAGUSD;1440;BellCurve;TD_Nine;;;;;;;;;;;;;;;;;;;;;;;;;;;;;;;2025.09.25;23:00
XAGUSD;1440;BellCurve;Riding21EMA;;;;;;;;;;;;;;;;;;;;;;;;;;;;;;;2025.09.25;23:00
XAGUSD;1440;BellCurve;Riding8EMA;;;;;;;;;;;;;;;;;;;;;;;;;;;;;;;2025.09.25;23:00
XAGUSD;1440;BellCurve;SMI-div.;;;;;;;;;;;;;;;;;;;;;;;;;;;;;;;2025.09.25;23:00
XAGUSD;1440;BellCurve;SMI-climax;;;;;;;;;;;;;;;;;;;;;;;;;;;;;;;2025.09.25;23:00
XAGUSD;1440;BellCurve;RSI_BB_Stoc;;;;;;;;;;;;;;;;;;;;;;;;;;;;;;;2025.09.25;23:00
XAGUSD;1440;BellCurve;ADX;;;;;;;;;;;;;;;;;;;;;;;;;;;;;;;2025.09.25;23:00
XAGUSD;1440;BellCurve;MFI;;;;;;;;;;;;;;;;;;;;;;;;;;;;;;;2025.09.25;23:00
XAGUSD;1440;BellCurve;BB_RSI;;;;;;;;;;;;;;;;;;;;;;;;;;;;;;;2025.09.25;23:00
XAGUSD;1440;BellCurve;CCI;;;;;;;;;;;;;;;;;;;;;;;;;;;;;;;2025.09.25;23:00
NAS100;1440;Setup;Trend_Cont;;;;;;;;;;;;;;;;;;;;;;;;;;;;;;;2025.09.25;23:00
NAS100;1440;Setup;Trend_Reversal;;;;;;;;;;;;;;;;;;;;;;;;;;;;;;;2025.09.25;23:00
NAS100;1440;Setup;MACD_Div_Partial;;;;s;s;s;;;;;;;;;;s;s;s;s;s;s;s;s;s;s;s;s;s;s;s;2025.09.25;23:00
NAS100;1440;Setup;MACD_Div_Full;;;;;;;;;;;;;;;;;;;;;;;;;;;;;;;2025.09.25;23:00
NAS100;1440;Setup;REload_ST;;;;;;;;;;;;;;;;;;;;;;;;;;;;;;;2025.09.25;23:00
NAS100;1440;Setup;REload_MT;;;;;;;;;;;;;;;;;;;;;;;;;;;;;;;2025.09.25;23:00
NAS100;1440;Setup;CycleAfter_X;;;;;;;;;;;;;;;;;;;;;;;;;;;;;;;2025.09.25;23:00
NAS100;1440;Setup;CycleAfter_DAD;;;;;;;;;;;;;;;;;s;s;s;s;s;s;s;s;s;s;s;s;s;s;2025.09.25;23:00
NAS100;1440;Setup;MT_MOM_Wave3;;;;;;;;;;;;;;;;;;;;;;;;;;;;;;;2025.09.25;23:00
NAS100;1440;Setup;MT_MOM_Wave2;;;;;;;;;;;;;;;;;;;;;;;;;;;;;;;2025.09.25;23:00
NAS100;1440;Setup;X_Marks_the_spot;;;;;;;;;;;;;;;;;;;;;;;;;;;;;;;2025.09.25;23:00
NAS100;1440;Setup;ImpulseWithoutRetrace;;;;;;;;;;;;;;;;;;;;;;;;;;;;;;;2025.09.25;23:00
NAS100;1440;Setup;MT_Rubberband;;;;;;;;;;;;;;;;;;;;;;;;;;;;;;;2025.09.25;23:00
NAS100;1440;Setup;ST_Rubberband;;;;;;;;;;;;;;;;;;;;;;;;;;;;;;;2025.09.25;23:00
NAS100;1440;Setup;LT_Conv.;;;;s;s;;;;;;;;;;;s;s;s;s;s;;;;;;;;;;;2025.09.25;23:00
NAS100;1440;K_D_MOM;MT_D_Angle;;;;;;s;;;;;;;;;;s;;;;;;;;;;;;;;s;2025.09.25;23:00
NAS100;1440;K_D_MOM;MT_K_Angle;;;;s;s;s;;;;;;;;;;s;;;;;;;;s;;;;s;s;s;2025.09.25;23:00
NAS100;1440;K_D_MOM;MT_MOM_Angle;;;;s;s;s;;;;;;;;;;s;;;;;;;;;;;;;;s;2025.09.25;23:00
NAS100;1440;K_D_MOM;ST_D_Angle;;;;s;s;;;;;;;;;;;;;;;;;;;s;;;;;s;s;2025.09.25;23:00
NAS100;1440;K_D_MOM;ST_K_Angle;;;;;;;;;;;;;;;;;;;;;;;;s;;;;s;s;s;2025.09.25;23:00
NAS100;1440;K_D_MOM;ST_MOM_Angle;;;;s;s;;;;;;;;;;;;;;;;;;;s;;;;s;s;s;2025.09.25;23:00
NAS100;1440;TRIGGER;P.ActionBar;;;;;;;;;s;;;;;;;;;;s;;;b;;;;;b;;;;2025.09.25;23:00
NAS100;1440;TRIGGER;Stoc_Div.;;;;;;;;;;;;;;;;;;;s;;;;;;;;;s;;;2025.09.25;23:00
NAS100;1440;BellCurve;TD_Countdown;;;;;;;;;;;;;;;;;;;;;;;;;;;;;;;2025.09.25;23:00
NAS100;1440;BellCurve;TD_Nine;s;s;s;s;s;s;s;s;s;s;s;s;s;s;s;s;s;s;s;s;s;s;s;s;s;s;s;s;s;s;2025.09.25;23:00
NAS100;1440;BellCurve;Riding21EMA;s;s;s;s;s;s;s;s;s;s;s;s;s;s;s;s;s;s;s;s;s;s;s;s;s;s;s;s;s;s;2025.09.25;23:00
NAS100;1440;BellCurve;Riding8EMA;s;s;s;s;s;s;s;s;s;s;s;s;s;s;s;s;s;s;s;s;s;s;s;s;s;s;s;s;s;s;2025.09.25;23:00
NAS100;1440;BellCurve;SMI-div.;;;;;;;;;;;;;;;;;;;;;;;;;;;;;;;2025.09.25;23:00
NAS100;1440;BellCurve;SMI-climax;;;;;;;;;;;;;;;;;;;;;;;;;;;;;;;2025.09.25;23:00
NAS100;1440;BellCurve;RSI_BB_Stoc;s;s;s;s;s;s;s;s;s;s;s;s;s;s;s;s;s;s;s;s;s;s;s;s;s;s;s;s;s;s;2025.09.25;23:00
NAS100;1440;BellCurve;ADX;s;s;s;s;s;s;s;s;s;s;s;s;s;s;s;s;s;s;s;s;s;s;s;s;s;s;s;s;s;s;2025.09.25;23:00
NAS100;1440;BellCurve;MFI;s;s;s;s;s;s;s;s;s;s;s;s;s;s;s;s;s;s;s;s;s;s;s;s;s;s;s;s;s;s;2025.09.25;23:00
NAS100;1440;BellCurve;BB_RSI;;;;;;;;;;;;;;;;;;;;;;;;;;;;;;;2025.09.25;23:00
NAS100;1440;BellCurve;CCI;;;;;;;;;;;;;;;;;;;;;;;;;;;;;;;2025.09.25;23:00
EURUSD;240;Setup;Trend_Cont;b3;b3;b3;b3;b3;b3;b3;b3;;;;;;;;;;;;;b3;b3;b3;b3;b3;b3;b3;b3;b3;b3;2025.09.26;19:00
EURUSD;240;Setup;Trend_Reversal;;;;;;;;;;;;;;;;;;;;;;;;;;;;;;;2025.09.26;19:00
EURUSD;240;Setup;MACD_Div_Partial;;;;;;;;;;;;s;s;s;s;s;s;s;;;;;;;;;;;;;2025.09.26;19:00
EURUSD;240;Setup;MACD_Div_Full;;;;;;;;;;;;;;;;;;;;;;;;;;;;;;;2025.09.26;19:00
EURUSD;240;Setup;REload_ST;;;;;;;;;;;;;;;;;;;;;;;;;;;;;;;2025.09.26;19:00
EURUSD;240;Setup;REload_MT;;;;;;;;;;;;;;;;;;;;;;;;;;;;;;;2025.09.26;19:00
EURUSD;240;Setup;CycleAfter_X;;;;;;;;;;;;;;;;;;;;;;;;;;;;;;;2025.09.26;19:00
EURUSD;240;Setup;CycleAfter_DAD;;;;;;;;;;;;;;;;;;;;;;;;;;;;;;;2025.09.26;19:00
EURUSD;240;Setup;MT_MOM_Wave3;;;;;;;;;;;;;;;;;;;;;b;b;b;b;b;b;b;b;b;b;2025.09.26;19:00
EURUSD;240;Setup;MT_MOM_Wave2;;;;;;;;;s;s;s;s;s;s;;s;s;;;;;;;;;;;;;;2025.09.26;19:00
EURUSD;240;Setup;X_Marks_the_spot;;;;;;;;;;;;;;;;;;;;;;;;;;;;;;;2025.09.26;19:00
EURUSD;240;Setup;ImpulseWithoutRetrace;;;;;;;;;;;;;;;;;;;;;;;;;;;;;;;2025.09.26;19:00
EURUSD;240;Setup;MT_Rubberband;;;;;;;;;;;;;;;;;;;;;;;;b;b;b;b;b;b;b;2025.09.26;19:00
EURUSD;240;Setup;ST_Rubberband;;;b;;;;;;;;;;;;;;b;b;b;b;b;b;;;;;;;;;2025.09.26;19:00
EURUSD;240;Setup;LT_Conv.;;;;;;;;;s;s;s;s;s;s;s;s;s;s;;;;;;;;;;;;;2025.09.26;19:00
EURUSD;240;K_D_MOM;MT_D_Angle;;;;;;;b;b;;;;;;;;;;;;;;;;;;;;;;;2025.09.26;19:00
EURUSD;240;K_D_MOM;MT_K_Angle;;;;b;b;b;b;b;;;;;;s;;s;;;;;;;;;b;;b;b;b;b;2025.09.26;19:00
EURUSD;240;K_D_MOM;MT_MOM_Angle;;;;;b;b;b;b;;;;;;;;s;;;;;;;;;;;;;;;2025.09.26;19:00
EURUSD;240;K_D_MOM;ST_D_Angle;;;;;b;b;b;b;;;;;;;;s;;;;;;;;;;;;;;;2025.09.26;19:00
EURUSD;240;K_D_MOM;ST_K_Angle;;;;;b;;;;;;;;;s;;s;;;;;;;;;;;;;;;2025.09.26;19:00
EURUSD;240;K_D_MOM;ST_MOM_Angle;;;;;b;b;b;b;;;;;;s;;s;;;;;;;;;;;;;;;2025.09.26;19:00
EURUSD;240;TRIGGER;P.ActionBar;;;;;;;;;;;;;;;;;;;;;;;;;;;;;;;2025.09.26;19:00
EURUSD;240;TRIGGER;Stoc_Div.;;;;;;;;;;;;;;;;;;;;;;;;;;;;;;;2025.09.26;19:00
EURUSD;240;BellCurve;TD_Countdown;;;;;;;;;;;;;;;;;;;;;;;;;;;;;;;2025.09.26;19:00
EURUSD;240;BellCurve;TD_Nine;;;;;;;;;;;;;;;;;;;;;;;;;;;;;;;2025.09.26;19:00
EURUSD;240;BellCurve;Riding21EMA;;;;;;;;;;;;;;;;;;;;;;;;;;;;;;;2025.09.26;19:00
EURUSD;240;BellCurve;Riding8EMA;;;;;;;;;;;;;;;;;;;;;;;;;;;;;;;2025.09.26;19:00
EURUSD;240;BellCurve;SMI-div.;;;;;;;;;;;;;;;;;;;;;;;;;;;;;;;2025.09.26;19:00
EURUSD;240;BellCurve;SMI-climax;;;;;;;;;;;;;;;;;;;;;;;;;;;;;;;2025.09.26;19:00
EURUSD;240;BellCurve;RSI_BB_Stoc;;;;;;;;;;;;;;;;;;;;;;;;;;;;;;;2025.09.26;19:00
EURUSD;240;BellCurve;ADX;;;;;b;b;b;b;;;;;;;;;;;;;;;;;;;;;;;2025.09.26;19:00
EURUSD;240;BellCurve;MFI;;;;;;;;;;;;;;;;;;;;;;;;;;;;;;;2025.09.26;19:00
NAS100;240;Setup;Trend_Cont;;;;;;;;;;;;;;;;;;;;;;;;;;;;;;;2025.09.26;20:00
NAS100;240;Setup;Trend_Reversal;;;;;;;;;;;;;;;;;;;;;;;;;;;;;;;2025.09.26;20:00
NAS100;240;Setup;MACD_Div_Partial;;;;;;;;;;;;;;;;;;;;;;;;;;;;;;;2025.09.26;20:00
NAS100;240;Setup;MACD_Div_Full;;;;;;;;;;;;;;;;;;;;;;;;;;;;;;;2025.09.26;20:00
NAS100;240;Setup;REload_ST;;;;;;;;;;;;;;;;;;;;;;;;;;;;;;;2025.09.26;20:00
NAS100;240;Setup;REload_MT;;;;;;;;;;;;;;;;;;;;;;;;;;;;;;;2025.09.26;20:00
NAS100;240;Setup;CycleAfter_X;;;;;;;;;;;;;;;;b;b;b;b;b;b;b;b;;;;;;;;2025.09.26;20:00
NAS100;240;Setup;CycleAfter_DAD;;;;;;;;;;;;;;;;;b;b;b;b;b;b;b;;;;;;;;2025.09.26;20:00
NAS100;240;Setup;MT_MOM_Wave3;s;s;s;s;s;s;s;s;s;s;s;s;s;s;s;;;;;;;;;;;;;;;;2025.09.26;20:00
NAS100;240;Setup;MT_MOM_Wave2;;;;;;;;;;;;;;;;;;;;;;;;;;;;;;;2025.09.26;20:00
NAS100;240;Setup;X_Marks_the_spot;;;;;;;;;;;;;;;;;;;;;;;;;;;;;;;2025.09.26;20:00
NAS100;240;Setup;ImpulseWithoutRetrace;;;;;;;;;;;;;;;;;;;;;;;;;;;;;;;2025.09.26;20:00
NAS100;240;Setup;MT_Rubberband;;;;;;;;;;;;;;;;;;;;;;;;;;;;;;;2025.09.26;20:00
NAS100;240;Setup;ST_Rubberband;;;;;;;;;;;;;;;;;;;;;;;;b;b;b;b;b;;;2025.09.26;20:00
NAS100;240;Setup;LT_Conv.;;;;;;;;;;;;;s;s;;b;;;;;;;;;;;;;;;2025.09.26;20:00
NAS100;240;K_D_MOM;MT_D_Angle;;;;;;;;;;;;;;;;;;;;;;;;;;;;;;;2025.09.26;20:00
NAS100;240;K_D_MOM;MT_K_Angle;;;;;;;;;;;;;;;;;;;;;;;;;;;;;;;2025.09.26;20:00
NAS100;240;K_D_MOM;MT_MOM_Angle;;;;;;;;;;;;;;;;;;;;;;;;;;;;;;;2025.09.26;20:00
NAS100;240;K_D_MOM;ST_D_Angle;;;;;;;;;;;;;;;;;;;;;;;;;;;;;;;2025.09.26;20:00
NAS100;240;K_D_MOM;ST_K_Angle;;;;;;;;;;;;;;;;;;;;;;;;;;;;;;;2025.09.26;20:00
NAS100;240;K_D_MOM;ST_MOM_Angle;;;;;;;;;;;;;;;;;;;;;;;;;;;;;;;2025.09.26;20:00
NAS100;240;TRIGGER;P.ActionBar;;;;;;;;;;;;;;;;;;;;;;;;;;;;;;;2025.09.26;20:00
NAS100;240;TRIGGER;Stoc_Div.;;;;;;;;;;;;;;;;;;;;;;;;;;;;;;;2025.09.26;20:00
NAS100;240;BellCurve;TD_Countdown;;;;;;;;;;;;;;;;;;;;;;;;;;;;;;;2025.09.26;20:00
NAS100;240;BellCurve;TD_Nine;;;;;;;;;;;;;;;;;;;;;;;;;;;;;;;2025.09.26;20:00
NAS100;240;BellCurve;Riding21EMA;;;;;;;;;;;;;;;;;;;;;;;;;;;;;;;2025.09.26;20:00
NAS100;240;BellCurve;Riding8EMA;;;;;;;;;;;;;;;;;;;;;;;;;;;;;;;2025.09.26;20:00
NAS100;240;BellCurve;SMI-div.;;;;;;;;;;;;;;;;;;;;;;;;;;;;;;;2025.09.26;20:00
NAS100;240;BellCurve;SMI-climax;;;;;;;;;;;;;;;;;;;;;;;;;;;;;;;2025.09.26;20:00
NAS100;240;BellCurve;RSI_BB_Stoc;;;;;;;;;;;;;;;;;;;;;;;;;;;;;;;2025.09.26;20:00
NAS100;240;BellCurve;ADX;;;;;;;;;;;;;;;;;;;;;;;;;;;;;;;2025.09.26;20:00
NAS100;240;BellCurve;MFI;;;;;;;;;;;;;;;;;;;;;;;;;;;;;;;2025.09.26;20:00
NAS100;240;BellCurve;BB_RSI;;;;;;;;;;;;;;;;;;;;;;;;;;;;;;;2025.09.26;20:00
NAS100;240;BellCurve;CCI;;;;;;;;;;;;;;;;;;;;;;;;;;;;;;;2025.09.26;20:00
XAGUSD;240;Setup;Trend_Cont;;;;;;;;;;;;;;;;;;;;;;;;;;;;;;;2025.09.26;20:00
XAGUSD;240;Setup;Trend_Reversal;;;;;;;;;;;;;;;;;;;;;;;;;;;;;;;2025.09.26;20:00
XAGUSD;240;Setup;MACD_Div_Partial;s;s;s;s;s;s;;;;;;;;;;;;;;;;;;;;;;;;;2025.09.26;20:00
XAGUSD;240;Setup;MACD_Div_Full;;;;;;;;;;;;;;;;;;;;;;;;;;;;;;;2025.09.26;20:00
XAGUSD;240;Setup;REload_ST;;;;;;;;;;;;;;;;;;;;;;;;;;;;;;;2025.09.26;20:00
XAGUSD;240;Setup;REload_MT;;;;;;;;;;;;;;;;;;;;;;;;;;;;;;;2025.09.26;20:00
XAGUSD;240;Setup;CycleAfter_X;;;;;;;;;;;;;;;;;;;;;;;;;;;;;;;2025.09.26;20:00
XAGUSD;240;Setup;CycleAfter_DAD;s;s;s;s;s;s;s;s;;;;;;;;;;;;;;;;;;;;;;;2025.09.26;20:00
XAGUSD;240;Setup;MT_MOM_Wave3;;;;;;;;;;;;;;;;;;;;;;;;;;;;;;;2025.09.26;20:00
XAGUSD;240;Setup;MT_MOM_Wave2;;;;;;;;;;;;;;;;;;;;;;;;;;;;;;;2025.09.26;20:00
XAGUSD;240;Setup;X_Marks_the_spot;;;;;;;;;;;;;;;;;;;;;;;;;;;;;;;2025.09.26;20:00
XAGUSD;240;Setup;ImpulseWithoutRetrace;;;;;;;;;;;;;;;;;;;;;;;;;;;;;;;2025.09.26;20:00
XAGUSD;240;Setup;MT_Rubberband;;;;;;;;;;;;;;;;;;;;;;;;;;;;;;;2025.09.26;20:00
XAGUSD;240;Setup;ST_Rubberband;;;;;;;;;;;;;;;;;;;;;;;;;;;;;;;2025.09.26;20:00
XAGUSD;240;Setup;LT_Conv.;s;s;s;s;s;s;s;s;;;;;;;;;;;;;;;;;;;;;;;2025.09.26;20:00
XAGUSD;240;K_D_MOM;MT_D_Angle;;;;;;;;;;;;;;;;;;;;;;;;;;;;;;;2025.09.26;20:00
XAGUSD;240;K_D_MOM;MT_K_Angle;;;;;;;;;;;;;;;;;;;;;;;;;;;;;;;2025.09.26;20:00
XAGUSD;240;K_D_MOM;MT_MOM_Angle;;;;;;;;;;;;;;;;;;;;;;;;;;;;;;;2025.09.26;20:00
XAGUSD;240;K_D_MOM;ST_D_Angle;;;;;;;;;;;;;;;;;;;;;;;;;;;;;;;2025.09.26;20:00
XAGUSD;240;K_D_MOM;ST_K_Angle;;;;;;;;;;;;;;;;;;;;;;;;;;;;;;;2025.09.26;20:00
XAGUSD;240;K_D_MOM;ST_MOM_Angle;;;;;;;;;;;;;;;;;;;;;;;;;;;;;;;2025.09.26;20:00
XAGUSD;240;TRIGGER;P.ActionBar;;;;;;;;;;;;;;;;;;;;;;;;;;;;;;;2025.09.26;20:00
XAGUSD;240;TRIGGER;Stoc_Div.;;;;;;;;;;;;;;;;;;;;;;;;;;;;;;;2025.09.26;20:00
XAGUSD;240;BellCurve;TD_Countdown;;;;;;;;;;;;;;;;;;;;;;;;;;;;;;;2025.09.26;20:00
XAGUSD;240;BellCurve;TD_Nine;;;;;;;;;;;;;;;;;;;;;;;;;;;;;;;2025.09.26;20:00
XAGUSD;240;BellCurve;Riding21EMA;;;;;;;;;;;;;;;;;;;;;;;;;;;;;;;2025.09.26;20:00
XAGUSD;240;BellCurve;Riding8EMA;;;;;;;;;;;;;;;;;;;;;;;;;;;;;;;2025.09.26;20:00
XAGUSD;240;BellCurve;SMI-div.;;;;;;;;;;;;;;;;;;;;;;;;;;;;;;;2025.09.26;20:00
XAGUSD;240;BellCurve;SMI-climax;;;;;;;;;;;;;;;;;;;;;;;;;;;;;;;2025.09.26;20:00
XAGUSD;240;BellCurve;RSI_BB_Stoc;;;;;;;;;;;;;;;;;;;;;;;;;;;;;;;2025.09.26;20:00
XAGUSD;240;BellCurve;ADX;;;;;;;;;;;;;;;;;;;;;;;;;;;;;;;2025.09.26;20:00
XAGUSD;240;BellCurve;MFI;;;;;;;;;;;;;;;;;;;;;;;;;;;;;;;2025.09.26;20:00
XAGUSD;240;BellCurve;BB_RSI;;;;;;;;;;;;;;;;;;;;;;;;;;;;;;;2025.09.26;20:00
XAGUSD;240;BellCurve;CCI;;;;;;;;;;;;;;;;;;;;;;;;;;;;;;;2025.09.26;20:00
NAS100;60;Setup;Trend_Cont;;;;;;;;;;;;;;;;;;;;;;;;;;;;;;;2025.09.26;22:00
NAS100;60;Setup;Trend_Reversal;;;;;;;;;;;;;;;;;;;;;;;;;;;;;;;2025.09.26;22:00
NAS100;60;Setup;MACD_Div_Partial;;;;;;;;;;;;;;;;;;;;;;;;;;;;;;;2025.09.26;22:00
NAS100;60;Setup;MACD_Div_Full;;;;;;;;;;;;;;;;;;;;;;;;;;;;;;;2025.09.26;22:00
NAS100;60;Setup;REload_ST;;;;;;;;;;;;;;;;;;;;;;;;;;;;;;;2025.09.26;22:00
NAS100;60;Setup;REload_MT;;;;;;;;;;;;;;;;;;;;;;;;;;;;;;;2025.09.26;22:00
NAS100;60;Setup;CycleAfter_X;;;;;;s;s;s;s;s;s;s;s;s;s;s;s;s;s;s;s;s;s;s;s;s;s;s;s;s;2025.09.26;22:00
NAS100;60;Setup;CycleAfter_DAD;;;;;;;;;;;;;;;;;;;;;;;;;;;;;;;2025.09.26;22:00
NAS100;60;Setup;MT_MOM_Wave3;b;b;;b;;;;;;;;;;;;;;;;;;;;;;;;;;;2025.09.26;22:00
NAS100;60;Setup;MT_MOM_Wave2;;;;;;;;;;;;;;;;;;;;;;;;;;;;;;;2025.09.26;22:00
NAS100;60;Setup;X_Marks_the_spot;;;;;;;;;;;;;;;;;;;;;;;;;;;;;;;2025.09.26;22:00
NAS100;60;Setup;ImpulseWithoutRetrace;;;;;;;;;;;;;;;;;;;;;;;;;;;;;;;2025.09.26;22:00
NAS100;60;Setup;MT_Rubberband;;b;;b;;;;;;;;;;;;;;;;;;;;;;;;;;;2025.09.26;22:00
NAS100;60;Setup;ST_Rubberband;;;;;;;;;;;;;;;;;;;;;;;;;;;;;;;2025.09.26;22:00
NAS100;60;Setup;LT_Conv.;;b;;b;;s;s;s;s;s;s;s;s;s;s;s;s;s;s;s;s;s;;;s;s;;;;;2025.09.26;22:00
NAS100;60;K_D_MOM;MT_D_Angle;;;;;;s;;;;;;;;;;;;;;;;;;;s;s;s;s;s;s;2025.09.26;22:00
NAS100;60;K_D_MOM;MT_K_Angle;;b;;b;;;;;s;;;;;;s;;;;s;;s;s;s;s;s;s;;;;;2025.09.26;22:00
NAS100;60;K_D_MOM;MT_MOM_Angle;;;;;;;;;;;;s;;;s;;;;s;;;;;;s;s;;;;;2025.09.26;22:00
NAS100;60;K_D_MOM;ST_D_Angle;;;;;;;;;;;;s;;;s;;;;s;;s;;;;s;s;;;;;2025.09.26;22:00
NAS100;60;K_D_MOM;ST_K_Angle;;;;;;;;;;;;s;;;;;;;s;;;;;;s;s;;;;;2025.09.26;22:00
NAS100;60;K_D_MOM;ST_MOM_Angle;;;;;;;;;;;;s;;;s;;;;s;;s;;;;s;s;;;;;2025.09.26;22:00
NAS100;60;TRIGGER;P.ActionBar;;;;;;;;;;;;;;;;;;;;;;;;;;;;;;;2025.09.26;22:00
NAS100;60;TRIGGER;Stoc_Div.;;;;;;;;;;;;;;;;;;;;;;;;;;;;;;;2025.09.26;22:00
NAS100;60;BellCurve;TD_Countdown;;;;;;;;;;;;;;;;;;;;;;;;;;;;;;;2025.09.26;22:00
NAS100;60;BellCurve;TD_Nine;;;;;;;;;;;;;;;;;;;;;;;;;;;;;;;2025.09.26;22:00
NAS100;60;BellCurve;Riding21EMA;;;;;;;;;;;;;;;;;b;;;;;;;;;;;;;;2025.09.26;22:00
NAS100;60;BellCurve;Riding8EMA;;;;;;;;;;;;;;;;;;;;;;;;;;;;;;;2025.09.26;22:00
NAS100;60;BellCurve;SMI-div.;;;;;;;;;;;;;;;;;;;;;;;;;;;;;;;2025.09.26;22:00
NAS100;60;BellCurve;SMI-climax;;;;;;;;;;;;;;;;;;;;;;;;;;;;;;;2025.09.26;22:00
NAS100;60;BellCurve;RSI_BB_Stoc;;b;b;b;b;b;b;;;;;;;b;;b;;;;;;;;;;;;;;;2025.09.26;22:00
NAS100;60;BellCurve;ADX;;;;;;;;;;;;;;;;b;b;;;;;;;;;;;;;;2025.09.26;22:00
NAS100;60;BellCurve;MFI;;b;b;b;b;b;b;;;;;;;;;;;;;;;;;;;;;;;;2025.09.26;22:00
NAS100;60;BellCurve;BB_RSI;;b;b;b;b;b;b;;;;;;;;;;;;;;;;;;;;;;;;2025.09.26;22:00
NAS100;60;BellCurve;CCI;;;;;;;;;;;;;;;;;;;;;;;;;;;;;;;2025.09.26;22:00
XAGUSD;60;Setup;Trend_Cont;;;;;;;;;;;;;;;;;;;;;;;;;;;;;;;2025.09.26;22:00
XAGUSD;60;Setup;Trend_Reversal;s13;s13;s13;s13;;s13;s13;s13;s13;s13;s13;s13;s13;s13;s13;;s13;s13;s13;s13;s13;s13;s13;s13;s13;s13;s13;s13;s13;s13;2025.09.26;22:00
XAGUSD;60;Setup;MACD_Div_Partial;s;s;;;;;;;;;;;;;;;;;;;;;;;;;;;;;2025.09.26;22:00
XAGUSD;60;Setup;MACD_Div_Full;;;;;;;;;;;;;;;;;;;;;;;;;;;;;;;2025.09.26;22:00
XAGUSD;60;Setup;REload_ST;;;;;;;;;;;;;;;;;;;;;;;;;;;;;;;2025.09.26;22:00
XAGUSD;60;Setup;REload_MT;;;;;;;;;;;;;;;;;;;;;;;;;;;;;;;2025.09.26;22:00
XAGUSD;60;Setup;CycleAfter_X;;;;;;;;;;;;;;;;;;;;;;;;;;;;;;;2025.09.26;22:00
XAGUSD;60;Setup;CycleAfter_DAD;s;s;s;s;s;s;s;s;s;s;s;s;s;s;s;s;s;s;s;s;s;s;s;s;s;s;;;;;2025.09.26;22:00
XAGUSD;60;Setup;MT_MOM_Wave3;;;;;;;;;;;;;;;;;;;;;;;;;;;;;;;2025.09.26;22:00
XAGUSD;60;Setup;MT_MOM_Wave2;;;;;;;;;;;;;;;;;;;;;;;;;;;;;;;2025.09.26;22:00
XAGUSD;60;Setup;X_Marks_the_spot;;;;;;;;;;;;;;;;;;;;;;;;;;;;;;;2025.09.26;22:00
XAGUSD;60;Setup;ImpulseWithoutRetrace;;;;;;;;;;;;;;;;;;;;;;;;;;;;;;;2025.09.26;22:00
XAGUSD;60;Setup;MT_Rubberband;;;;;;;;;;;;;;;;;;;;;;;;;;;;;;;2025.09.26;22:00
XAGUSD;60;Setup;ST_Rubberband;;;;;;;;;;;;;;;;;;;;;;;;;;;;;;;2025.09.26;22:00
XAGUSD;60;Setup;LT_Conv.;s;s;s;s;;;;;;;;;s;s;s;s;;;;;;;;;;;;;;;2025.09.26;22:00
XAGUSD;60;K_D_MOM;MT_D_Angle;;;;;s;s;s;s;s;;;;;s;s;s;s;s;s;s;s;;;;;;;;;;2025.09.26;22:00
XAGUSD;60;K_D_MOM;MT_K_Angle;s;s;s;s;s;;;;s;s;;s;s;s;s;s;s;s;;;;;;;;;;;s;s;2025.09.26;22:00
XAGUSD;60;K_D_MOM;MT_MOM_Angle;s;;;;;;;;s;s;;s;s;s;s;s;;;;;s;s;;;;;;;;;2025.09.26;22:00
XAGUSD;60;K_D_MOM;ST_D_Angle;s;s;;;;;;;s;s;;s;s;s;s;s;;;;;s;s;;;;;;;s;s;2025.09.26;22:00
XAGUSD;60;K_D_MOM;ST_K_Angle;s;;;;;;;;s;s;;s;s;;;;;;;;s;s;;;;;;;s;s;2025.09.26;22:00
XAGUSD;60;K_D_MOM;ST_MOM_Angle;s;;;;;;;;s;s;;s;s;s;s;s;;;;;s;s;;;;;;;;s;2025.09.26;22:00
XAGUSD;60;TRIGGER;P.ActionBar;;b;;;;;;s;;;;s;;b;;;;;;;;;;;;;;;;;2025.09.26;22:00
XAGUSD;60;TRIGGER;Stoc_Div.;;;;;;;;;;;;;;;;;;;;;;;;;;;s;;s;s;2025.09.26;22:00
XAGUSD;60;BellCurve;TD_Countdown;;;;;;;;;;;;;;;;;;;;;;;;;;;;;;;2025.09.26;22:00
XAGUSD;60;BellCurve;TD_Nine;;;;;;;;;;;;;;;;;;;;;;;;;;;;;s;s;2025.09.26;22:00
XAGUSD;60;BellCurve;Riding21EMA;;;;;;;;;;;;;;;;;;;;;;;;;;;;;;;2025.09.26;22:00
XAGUSD;60;BellCurve;Riding8EMA;;;;;;;;;;;;;;;;;;;;;;;;;;;;;;;2025.09.26;22:00
XAGUSD;60;BellCurve;SMI-div.;;;;;;;;;;;;;;;;;;;;;;;;;;;;;;;2025.09.26;22:00
XAGUSD;60;BellCurve;SMI-climax;;;;;;;;;;;;;;;;;;;;;;;;;;;;;;s;2025.09.26;22:00
XAGUSD;60;BellCurve;RSI_BB_Stoc;;;;;;;;;s;s;s;s;s;s;s;s;s;s;s;s;s;s;s;s;s;s;s;s;s;s;2025.09.26;22:00
XAGUSD;60;BellCurve;ADX;;;;;;;;;;;;;;;;;;;;;;;;;;;;;;;2025.09.26;22:00
XAGUSD;60;BellCurve;MFI;;;;;;;;;;;;;;;;;;;;;;;;;;;;;;;2025.09.26;22:00
XAGUSD;60;BellCurve;BB_RSI;s;s;s;s;s;s;s;s;s;s;s;s;s;s;s;s;s;s;s;s;s;s;s;s;s;s;s;s;s;s;2025.09.26;22:00
XAGUSD;60;BellCurve;CCI;s;s;s;s;s;s;s;s;s;s;s;s;s;s;s;s;s;s;s;s;s;s;s;s;s;s;s;s;s;s;2025.09.26;22:00
EURUSD;60;Setup;Trend_Cont;;;;;;;;;;;;;;;;;;;;s3;s3;s3;s3;;;;;;;s3;2025.09.26;22:00
EURUSD;60;Setup;Trend_Reversal;;;;;;;;;;;;;;;;;;;;;;;;;;;;;;;2025.09.26;22:00
EURUSD;60;Setup;MACD_Div_Partial;;;;;;;;;;;;;;;;;;;;;;;;;;;;;;;2025.09.26;22:00
EURUSD;60;Setup;MACD_Div_Full;;;;;;;;;;;;;;;;;;;;;;;;;;;;;;;2025.09.26;22:00
EURUSD;60;Setup;REload_ST;;;;;;;;;;;;;;;;;;;;;;;;;;;;;;;2025.09.26;22:00
EURUSD;60;Setup;REload_MT;;;;;;;;;;;;;;;;;;;;;;;;;;;;;;;2025.09.26;22:00
EURUSD;60;Setup;CycleAfter_X;;;;;;;;;;;;;;;;;;;;;;;;;;;;;;;2025.09.26;22:00
EURUSD;60;Setup;CycleAfter_DAD;;;;;;;;;;;;;;;;;;s;s;s;s;s;s;s;s;s;s;s;s;s;2025.09.26;22:00
EURUSD;60;Setup;MT_MOM_Wave3;b;b;b;b;b;b;b;b;b;b;b;b;b;b;b;b;;;;;;;;;;;;;;;2025.09.26;22:00
EURUSD;60;Setup;MT_MOM_Wave2;;;;;;;;;;;;;;;;;;;;;;;;;;;;;;;2025.09.26;22:00
EURUSD;60;Setup;X_Marks_the_spot;;;;;;;;;;;;;;;;;;;;;;;;;;;;;;;2025.09.26;22:00
EURUSD;60;Setup;ImpulseWithoutRetrace;;;;;;;;;;;;;;;;;;;;;;;;;;;;;;;2025.09.26;22:00
EURUSD;60;Setup;MT_Rubberband;;;;;;;;;;;;;;;;;;;;;;;;;;;;;;;2025.09.26;22:00
EURUSD;60;Setup;ST_Rubberband;;;;;;;;;;;;;;;;;;;;;;;;;;;;;;;2025.09.26;22:00
EURUSD;60;Setup;LT_Conv.;;;;;;;;;;;;;;;;;;s;s;s;s;s;s;s;;;;;;;2025.09.26;22:00
EURUSD;60;K_D_MOM;MT_D_Angle;;;;;;;;;;;;;;;;;;;;;;;;;;;;;s;;2025.09.26;22:00
EURUSD;60;K_D_MOM;MT_K_Angle;;;;;;;;;;;;;;;;;;;;;s;s;s;s;s;s;;;;;2025.09.26;22:00
EURUSD;60;K_D_MOM;MT_MOM_Angle;;;;;;;;;;;;;;;;;;;;;s;;;;;;;;;;2025.09.26;22:00
EURUSD;60;K_D_MOM;ST_D_Angle;;;;;;;;;;;;;;;;;;;;;s;s;s;;;;;;;;2025.09.26;22:00
EURUSD;60;K_D_MOM;ST_K_Angle;;;;;;;;;;;;;;;;;;;;;;;;;s;;;;;;2025.09.26;22:00
EURUSD;60;K_D_MOM;ST_MOM_Angle;;;;;;;;;;;;;;;;;;;;;s;s;;;;;;;;;2025.09.26;22:00
EURUSD;60;TRIGGER;P.ActionBar;;;;;;;;;;;;;;;;;;;;;;;;;;;;;;;2025.09.26;22:00
EURUSD;60;TRIGGER;Stoc_Div.;;;;;;;;;;;;;;;;;;;;;;;;;;;;;;;2025.09.26;22:00
EURUSD;60;BellCurve;TD_Countdown;;;;;;;;;;;;;;;;;;;;;;;;;;;;;;;2025.09.26;22:00
EURUSD;60;BellCurve;TD_Nine;;;;;;;;;;;;;;;;;b;;;;;;;;;;;;;;2025.09.26;22:00
EURUSD;60;BellCurve;Riding21EMA;;;;;;;;;;;;;;;;;;;;;;;b;;;;;;;;2025.09.26;22:00
EURUSD;60;BellCurve;Riding8EMA;;;;;;;;;;;;;;;;;;;;;;;;;;;;;;;2025.09.26;22:00
EURUSD;60;BellCurve;SMI-div.;;;;;;;;;;;;;;;;;;;;;;;;;;;;;;;2025.09.26;22:00
EURUSD;60;BellCurve;SMI-climax;;;;;;;;;;;;;;;;;;;;;;;;;;;;;;;2025.09.26;22:00
EURUSD;60;BellCurve;RSI_BB_Stoc;;;;;;;;;;;;;;;;;;;;;;;b;;;;;;;;2025.09.26;22:00
EURUSD;60;BellCurve;ADX;;;;;;;;;;;;;;;;;;;;;;;;;;;;;;;2025.09.26;22:00
EURUSD;60;BellCurve;MFI;;;;;;;;;;;;b;b;b;b;b;b;;;;;;;;;;;;;;2025.09.26;22:00
EURUSD;30;Setup;Trend_Cont;s1;s1;s1;s1;s1;s1;s1;s1;s1;s1;;;;;;;;;;;;;;;s1;s1;s1;s1;s1;s1;2025.09.26;22:30
EURUSD;30;Setup;Trend_Reversal;;;;;;;;;;;;;;;;;;;;;;;;;;;;;;;2025.09.26;22:30
EURUSD;30;Setup;MACD_Div_Partial;;;;;;;;;;;;;;;;;;;;;;;;;;;;;;;2025.09.26;22:30
EURUSD;30;Setup;MACD_Div_Full;;;;;;;;;;;;;;;;;;;;;;;;;;;;;;;2025.09.26;22:30
EURUSD;30;Setup;REload_ST;;;;;;;;;;;;;;;;;;;;;;;;;;;;;;;2025.09.26;22:30
EURUSD;30;Setup;REload_MT;;;;;;;;;;;;;;;;;;;;;;;;;;;;;;;2025.09.26;22:30
EURUSD;30;Setup;CycleAfter_X;;;;;;;;;;;;;;;;;;;;;;;;;;;;;;;2025.09.26;22:30
EURUSD;30;Setup;CycleAfter_DAD;;;;;;;;;;;;b;b;b;b;b;;;;;;;;;;;;;;;2025.09.26;22:30
EURUSD;30;Setup;MT_MOM_Wave3;;;;;;;;;;;;;;;;;;;;;;;;;s;s;s;s;s;s;2025.09.26;22:30
EURUSD;30;Setup;MT_MOM_Wave2;;;;;;;;;;;;;;b;;;;;;;;;;;;;;;;;2025.09.26;22:30
EURUSD;30;Setup;X_Marks_the_spot;;;;;;;;;;;;;;;;;;;;;;;;;;;;;;;2025.09.26;22:30
EURUSD;30;Setup;ImpulseWithoutRetrace;;;;;;;;;;;;;;;;;;;;;;;;;;;;;;;2025.09.26;22:30
EURUSD;30;Setup;MT_Rubberband;;;;;;;;;;;;;;;;;;;;;;;;;;;;;;;2025.09.26;22:30
EURUSD;30;Setup;ST_Rubberband;;;;;;;;;;;;;;;;;;;;;;;;;;;;;;;2025.09.26;22:30
EURUSD;30;Setup;LT_Conv.;;;;;;;;;;;;b;b;b;b;b;;;;;;;;;;;;;;;2025.09.26;22:30
EURUSD;30;K_D_MOM;MT_D_Angle;;;;s;s;s;s;s;s;s;;;;;;;;;;;;;;;;;;;;;2025.09.26;22:30
EURUSD;30;K_D_MOM;MT_K_Angle;s;s;s;s;s;s;s;s;s;s;;;;;b;b;;;;;;;;;;;;;;;2025.09.26;22:30
EURUSD;30;K_D_MOM;MT_MOM_Angle;;;;;;;;;;s;;;;b;b;b;;;;;;;;;;;;;;;2025.09.26;22:30
EURUSD;30;K_D_MOM;ST_D_Angle;s;s;s;s;s;;;;;s;;;;;b;b;;;;;;;;;;;;;;;2025.09.26;22:30
EURUSD;30;K_D_MOM;ST_K_Angle;s;s;;s;s;;;s;s;s;;;;;b;;;;;;;;;;;;;;;;2025.09.26;22:30
EURUSD;30;K_D_MOM;ST_MOM_Angle;s;s;;s;s;;;;s;s;;;;;b;b;;;;;;;;;;;;;;;2025.09.26;22:30
EURUSD;30;TRIGGER;P.ActionBar;;;;;;;;;;;;;;;;;;;;;;;;;;;;;;;2025.09.26;22:30
EURUSD;30;TRIGGER;Stoc_Div.;;;;;;;;;;;;;;;;;;;;;;;;;;;;;;;2025.09.26;22:30
EURUSD;30;BellCurve;TD_Countdown;;;;;;;;;;;;;;;;;;;;;;;;;;;;;;;2025.09.26;22:30
EURUSD;30;BellCurve;TD_Nine;;;;;;;;;;;;;;;;;;;;;;;;;;;s;s;s;s;2025.09.26;22:30
EURUSD;30;BellCurve;Riding21EMA;b;b;b;b;b;b;b;b;b;b;b;;;;;;;;;;;;;;;;;;;;2025.09.26;22:30
EURUSD;30;BellCurve;Riding8EMA;;;;;;;;;;;;;;;;;;;;;;;;;;;;;;;2025.09.26;22:30
EURUSD;30;BellCurve;SMI-div.;;;;;;;;;;;;;;;;;;;;;;;;;;;;;;;2025.09.26;22:30
EURUSD;30;BellCurve;SMI-climax;;;;;;;;;;;;;;;;;;;;;;;;;;;;;;;2025.09.26;22:30
EURUSD;30;BellCurve;RSI_BB_Stoc;;;;;;;;;;;;b;b;;;;;;;;;;;;;;;;;;2025.09.26;22:30
EURUSD;30;BellCurve;ADX;;;;;;;;;;;;;;;;;;;;;;;;;;;;;;;2025.09.26;22:30
EURUSD;30;BellCurve;MFI;;;;;;;;;;;;;;;;;;;;;;;;;;;;;;;2025.09.26;22:30
EURUSD;30;BellCurve;BB_RSI;;;;;;;;;;;;;;;;;;;;;;;;;;;;;;;2025.09.26;22:30
EURUSD;30;BellCurve;CCI;;;;;;;;;;;b;;;;;;;;;;;;;;;;;;;;2025.09.26;22:30
NAS100;30;Setup;Trend_Cont;;;;;;;;;;;;;;;;;;;;;;;;;;;s1;s1;s1;s1;2025.09.26;22:30
NAS100;30;Setup;Trend_Reversal;;;;;;;;;;;;;;;;;;;;;;;;;;;;;;;2025.09.26;22:30
NAS100;30;Setup;MACD_Div_Partial;;;;;;;;;;;;;;;;;;;;;;;;;;;;;;;2025.09.26;22:30
NAS100;30;Setup;MACD_Div_Full;;;;;;;;;;;;;;;;;;;;;;;;;;;;;;;2025.09.26;22:30
NAS100;30;Setup;REload_ST;;;;;;;;;;;;;;;;;;;;;;;;;;;;;;;2025.09.26;22:30
NAS100;30;Setup;REload_MT;;;;;;;;;;;;;;;;;;;;;;;;;;;;;;;2025.09.26;22:30
NAS100;30;Setup;CycleAfter_X;;;;;;;;;;;;;;;;;;;;;;;;;;;;;;;2025.09.26;22:30
NAS100;30;Setup;CycleAfter_DAD;;;;;;;;;;b;b;b;b;;;;;;;;;;;;;;;;;;2025.09.26;22:30
NAS100;30;Setup;MT_MOM_Wave3;;;;;;;;;;;;;;;;;;;;;;;;;;;;;;;2025.09.26;22:30
NAS100;30;Setup;MT_MOM_Wave2;;;;;;;;;;;;;;;;;;;;;;;;;;;;;;;2025.09.26;22:30
NAS100;30;Setup;X_Marks_the_spot;;;;;;;;;;;;;;;;;;;;;;;;;;;;;;;2025.09.26;22:30
NAS100;30;Setup;ImpulseWithoutRetrace;;;;;;;;;;;;;;;;;;;;;;;;;;;;;;;2025.09.26;22:30
NAS100;30;Setup;MT_Rubberband;;;;;;;;;;;;;;;;;;;;;;;;;;;;;;;2025.09.26;22:30
NAS100;30;Setup;ST_Rubberband;;s;;;;;;;;;;;s;;;;;;b;;;;;;;;;;;;2025.09.26;22:30
NAS100;30;Setup;LT_Conv.;;;;;;;;;;b;b;b;b;;;;;;b;;;;;;;;;;;;2025.09.26;22:30
NAS100;30;K_D_MOM;MT_D_Angle;;s;;;;;;;;b;;;;;;;;;b;;;;;;;;;;;;2025.09.26;22:30
NAS100;30;K_D_MOM;MT_K_Angle;;;;;;;;;;;;;;;;;;;;;;;;;;;;;;;2025.09.26;22:30
NAS100;30;K_D_MOM;MT_MOM_Angle;;;;;;;;;;;;b;;;;;;;;;;;;;;;;;;;2025.09.26;22:30
NAS100;30;K_D_MOM;ST_D_Angle;;;;;;;;;;;;;;;;;;;;;;;;;;;;;;;2025.09.26;22:30
NAS100;30;K_D_MOM;ST_K_Angle;;;;;;;;;;;;;;;;;;;;;;;;;;;;;;;2025.09.26;22:30
NAS100;30;K_D_MOM;ST_MOM_Angle;;;;;;;;;;;;;;;;;;;;;;;;;;;;;;;2025.09.26;22:30
NAS100;30;TRIGGER;P.ActionBar;;;;;;;;;;;;;;;;;;;;;;;;;;;;;;;2025.09.26;22:30
NAS100;30;TRIGGER;Stoc_Div.;;;;;;;;;;;;;;;;;;;;;;;;;;;;;;;2025.09.26;22:30
NAS100;30;BellCurve;TD_Countdown;;;;;;;;;;;;;;;;;;;;;;;;;;;;;;;2025.09.26;22:30
NAS100;30;BellCurve;TD_Nine;;;;;;;;;;;;;;;;;;;;;;;;;;;;;;s;2025.09.26;22:30
NAS100;30;BellCurve;Riding21EMA;;;;;;;;;;;;;;;;;;;;;;;;;;;;;;;2025.09.26;22:30
NAS100;30;BellCurve;Riding8EMA;;;;;;;;;;;;;;;;;;;;;;;;;;;;;;;2025.09.26;22:30
NAS100;30;BellCurve;SMI-div.;;;;;;;;;;;;;;;;;;;;;;;;;;;;;;;2025.09.26;22:30
NAS100;30;BellCurve;SMI-climax;;;;;;;;;;;;;;;;;;;;;;;;;;;;;;;2025.09.26;22:30
NAS100;30;BellCurve;RSI_BB_Stoc;;;;;;;;;;;;;;;;;;;;;;;;;;;;;;;2025.09.26;22:30
NAS100;30;BellCurve;ADX;;;;;;;;;;;;;;;;;;;;;;;;;;;;;;;2025.09.26;22:30
NAS100;30;BellCurve;MFI;;;;;;;;;;;;;;;;;;;;;;;;;;;;;;;2025.09.26;22:30
NAS100;30;BellCurve;BB_RSI;;;;;;;;;;;;;;;;;;;;;;;;;;;;;;;2025.09.26;22:30
NAS100;30;BellCurve;CCI;;s;;;;;;;;;;;;;;;;;;;;;;;;;;;;;2025.09.26;22:30
XAGUSD;30;Setup;Trend_Cont;;;;;;;;;;;;;;;;;;;;;;;;;;;;;;;2025.09.26;22:30
XAGUSD;30;Setup;Trend_Reversal;;;;;;;;;;;;;;;;;s9;s9;s9;s9;s9;s9;s9;s9;s9;s9;s9;s9;s9;s9;2025.09.26;22:30
XAGUSD;30;Setup;MACD_Div_Partial;;;;;;;;;;;;;;;;;;;;;;;;;;;;;;;2025.09.26;22:30
XAGUSD;30;Setup;MACD_Div_Full;;;;;;;;;;;;;;;;;;;;;;;;;;;;;;;2025.09.26;22:30
XAGUSD;30;Setup;REload_ST;;b;;;;;;;;;;;;;;;;;;;;;;;;;;;;;2025.09.26;22:30
XAGUSD;30;Setup;REload_MT;;;;;;;;;;;;;;;;;;;;;;;;;;;;;;;2025.09.26;22:30
XAGUSD;30;Setup;CycleAfter_X;;;;;;;;;;;;;;;;;;;;;;;;;;;;;;;2025.09.26;22:30
XAGUSD;30;Setup;CycleAfter_DAD;b;b;;;;;;;;;;;;;;;;;;;;;;;;;;;;;2025.09.26;22:30
XAGUSD;30;Setup;MT_MOM_Wave3;;;;;;;;;;;;;;;;;;;;;s;s;s;s;s;s;s;s;s;s;2025.09.26;22:30
XAGUSD;30;Setup;MT_MOM_Wave2;;b;b;;;;;;;;;;;;;;;;;;;;;;;;;;;;2025.09.26;22:30
XAGUSD;30;Setup;X_Marks_the_spot;;;;;;;;;;;;;;;;;;;;;;;;;;;;;;;2025.09.26;22:30
XAGUSD;30;Setup;ImpulseWithoutRetrace;;;;;;;;;;;;;;;;;;;;;;;;;;;;;;;2025.09.26;22:30
XAGUSD;30;Setup;MT_Rubberband;;;;;;;;;;;;;;;;;;;;;;;;;;;;;;;2025.09.26;22:30
XAGUSD;30;Setup;ST_Rubberband;;;;;;;;;;;;;;;;;;;;;;;;;;;;;;;2025.09.26;22:30
XAGUSD;30;Setup;LT_Conv.;;b;b;;;;;;;;;;;;;;;;;;;;;;;;;;;;2025.09.26;22:30
XAGUSD;30;K_D_MOM;MT_D_Angle;;;b;;;;;;;;;;;;;;;;;;;;;;;;;;s;s;2025.09.26;22:30
XAGUSD;30;K_D_MOM;MT_K_Angle;b;b;b;;;;;;;;;;;;;;;;;;;;s;;;s;s;s;s;s;2025.09.26;22:30
XAGUSD;30;K_D_MOM;MT_MOM_Angle;;b;b;;;;;;;;;;;;;;;;;;;;;;;;;s;s;s;2025.09.26;22:30
XAGUSD;30;K_D_MOM;ST_D_Angle;;b;b;;;;;;;;;;;;;;;;;;;;s;;;s;s;s;s;s;2025.09.26;22:30
XAGUSD;30;K_D_MOM;ST_K_Angle;;;;;;;;;;;;;;;;;;;;;;;s;;;s;s;s;;;2025.09.26;22:30
XAGUSD;30;K_D_MOM;ST_MOM_Angle;;b;b;;;;;;;;;;;;;;;;;;;;;;;s;s;s;s;s;2025.09.26;22:30
XAGUSD;30;TRIGGER;P.ActionBar;;;;;;;;;;;;;;;;;;;;;;;;;;;;;;;2025.09.26;22:30
XAGUSD;30;TRIGGER;Stoc_Div.;;;;;;;;;;;;;;;;;;;;;;;;;;;;;;;2025.09.26;22:30
XAGUSD;30;BellCurve;TD_Countdown;;;;;;;;;;;;;;;;;;;;;;;;;;;;;;;2025.09.26;22:30
XAGUSD;30;BellCurve;TD_Nine;;;;;;;;;;;;;;;;;;;;;;s;s;s;s;s;s;s;s;s;2025.09.26;22:30
XAGUSD;30;BellCurve;Riding21EMA;;;;;;;;;;;;;;;;;;;;;;;;;;;;;;;2025.09.26;22:30
XAGUSD;30;BellCurve;Riding8EMA;;;;;;;;;;;;;;;;;;;;;;;;;;;;;;;2025.09.26;22:30
XAGUSD;30;BellCurve;SMI-div.;;;;;;;;;;;;;;;;;;;;;;;;;;;;;;;2025.09.26;22:30
XAGUSD;30;BellCurve;SMI-climax;;;;;;;;;;;;;;;;;;;;;;;;;;;;s;s;s;2025.09.26;22:30
XAGUSD;30;BellCurve;RSI_BB_Stoc;;;;s;;;;;;;;;;;;;;;;;;;;;;;;;;;2025.09.26;22:30
XAGUSD;30;BellCurve;ADX;;;;;;;;;;;;;;;;;;;;;;;;;;;;;s;s;2025.09.26;22:30
XAGUSD;30;BellCurve;MFI;;;;;;;;;;;;;;;;;;;;;;;;;;;;s;s;s;2025.09.26;22:30
XAGUSD;30;BellCurve;BB_RSI;;;;;;;;;;;;;;;;;;;;;;;;;;;;;;;2025.09.26;22:30
XAGUSD;30;BellCurve;CCI;;;;;;;;;;;;;;;;s;s;s;s;s;s;s;s;s;s;s;s;s;s;s;2025.09.26;22:30
EURUSD;15;Setup;Trend_Cont;;;;;;;s3;s3;s3;s3;s3;s3;;;;;;;;;;;;s3;s3;s3;s3;s3;s3;s3;2025.09.26;22:45
EURUSD;15;Setup;Trend_Reversal;;;;;;;;;;;;;;;;;;;;;;;;;;;;;;;2025.09.26;22:45
EURUSD;15;Setup;MACD_Div_Partial;;;;;;;;;;;;;;;;;;;;;;;;;;;;;;;2025.09.26;22:45
EURUSD;15;Setup;MACD_Div_Full;;;;;;;;;;;;;;;;;;;;;;;;;;;;;;;2025.09.26;22:45
EURUSD;15;Setup;REload_ST;;;;;;;;;;;;;;;;;;;;;;;;;;;;;;;2025.09.26;22:45
EURUSD;15;Setup;REload_MT;;;;;;;;;;;;;;;;;;;;;;;;;;;;;;;2025.09.26;22:45
EURUSD;15;Setup;CycleAfter_X;;;;;;;;;;;;;;;;;;;;;;;;;;;;;;;2025.09.26;22:45
EURUSD;15;Setup;CycleAfter_DAD;;;;;;;;;;;;;;;;;;;;;;;;;;;;;;;2025.09.26;22:45
EURUSD;15;Setup;MT_MOM_Wave3;;;;;;;;;;;;;;;;;;;;;;;;;;;;;;;2025.09.26;22:45
EURUSD;15;Setup;MT_MOM_Wave2;s;;;;;;;;;;;;;;;;;;;;;;;;;;;;;;2025.09.26;22:45
EURUSD;15;Setup;X_Marks_the_spot;;;;;;;;;;;;;;;;;;;;;;;;;;;;;;;2025.09.26;22:45
EURUSD;15;Setup;ImpulseWithoutRetrace;;;;;;;;;;;;;;;;;;;;;;;;;;;;;;;2025.09.26;22:45
EURUSD;15;Setup;MT_Rubberband;;;;;;;;;;;;;;;;;;;;;;;;;;;;;;;2025.09.26;22:45
EURUSD;15;Setup;ST_Rubberband;;;;;;;;;;;;;;;;;;;;;;;;;;;;;;;2025.09.26;22:45
EURUSD;15;Setup;LT_Conv.;s;;;;;;;;;;;;;;;;;;;;;;;;;;;;;;2025.09.26;22:45
EURUSD;15;K_D_MOM;MT_D_Angle;;;;;;;;;;;;s;;;;;;;;;;;;;;;;;;;2025.09.26;22:45
EURUSD;15;K_D_MOM;MT_K_Angle;;;;;;;;s;;s;s;s;;;;;;;;;;;;;s;;;;s;s;2025.09.26;22:45
EURUSD;15;K_D_MOM;MT_MOM_Angle;;;;;;;;;;;;s;;;;;;;;;;;;;s;s;;;s;s;2025.09.26;22:45
EURUSD;15;K_D_MOM;ST_D_Angle;;;;;;;;s;;s;s;s;;;;;;;;;;;;;s;s;;;;s;2025.09.26;22:45
EURUSD;15;K_D_MOM;ST_K_Angle;;;;;;;;s;;;;;;;;;;;;;;;;;s;s;;;s;s;2025.09.26;22:45
EURUSD;15;K_D_MOM;ST_MOM_Angle;;;;;;;;s;;s;s;s;;;;;;;;;;;;;s;s;;;s;s;2025.09.26;22:45
EURUSD;15;TRIGGER;P.ActionBar;;;;;;;s;s;;s;;s;;;;;;;;;;;b;;;;;;s;;2025.09.26;22:45
EURUSD;15;TRIGGER;Stoc_Div.;;;;;;;;;;;;;;;;;;;;;;;;;s;;;;;;2025.09.26;22:45
EURUSD;15;BellCurve;TD_Countdown;;;;;;;;;;;;;;;;;;;;;;;;;;;;;;;2025.09.26;22:45
EURUSD;15;BellCurve;TD_Nine;;;;;;;;;;;;;;;;;;;;;s;;;;;;;;;;2025.09.26;22:45
EURUSD;15;BellCurve;Riding21EMA;;;;;;;;;;;;;;;;;;;;;;;;;;;;;;;2025.09.26;22:45
EURUSD;15;BellCurve;Riding8EMA;;;;;;;;;;;;;;;;;;;;;;;;;;;;;;s;2025.09.26;22:45
EURUSD;15;BellCurve;SMI-div.;;;;;;;;;;;;;;;;;;;;;;;;;;;;;;;2025.09.26;22:45
EURUSD;15;BellCurve;SMI-climax;;;;;;;;;;;;;;;;;;;;;;;;;;;;;;;2025.09.26;22:45
EURUSD;15;BellCurve;RSI_BB_Stoc;;;;;;;;;;;;;;;;;;;;;;;;;;;;;;;2025.09.26;22:45
EURUSD;15;BellCurve;ADX;;;;;;;;;;;;;;;;;;;;;;;;;s;s;s;s;s;s;2025.09.26;22:45
EURUSD;15;BellCurve;MFI;;;;;;;;;;;;;;;;;;;;;;;;;;;;;;;2025.09.26;22:45
EURUSD;15;BellCurve;BB_RSI;;;;;;;;;;;;;;;;;;;;;;;;;;;;;;;2025.09.26;22:45
EURUSD;15;BellCurve;CCI;;;;;;;;;;;;;;;;;;;;;;;;;;;;;;;2025.09.26;22:45
NAS100;15;Setup;Trend_Cont;s3;s3;;;;;;;;;;;;;;;;s3;s3;s3;s3;s3;s3;s3;s3;s3;s3;s3;s3;s3;2025.09.26;22:45
NAS100;15;Setup;Trend_Reversal;;;;;;;;;;;;;;;;;;;;;;;;;;;;;;;2025.09.26;22:45
NAS100;15;Setup;MACD_Div_Partial;;;;;;;;;;;;;;;;;;;;;;;;;;;;;;;2025.09.26;22:45
NAS100;15;Setup;MACD_Div_Full;;;;;;;;;;;;;;;;;;;;;;;;;;;;;;;2025.09.26;22:45
NAS100;15;Setup;REload_ST;;;;;;;;;;;;;;;;;;;;;;;;;;;;;;;2025.09.26;22:45
NAS100;15;Setup;REload_MT;;;;;;;;;;;;;;;;;;;;;;;;;;;;;;;2025.09.26;22:45
NAS100;15;Setup;CycleAfter_X;;;;;;;;;;;;;;;;;;;;;;;;;;;;;;;2025.09.26;22:45
NAS100;15;Setup;CycleAfter_DAD;;;;;;;;;;;;;;;;;;;;;;;;;;;;;;;2025.09.26;22:45
NAS100;15;Setup;MT_MOM_Wave3;;;;;;;;;;;;;;;;;;;;;;;;;;;;;;;2025.09.26;22:45
NAS100;15;Setup;MT_MOM_Wave2;;;;;;;;;;;;;;;;;;;;;;;;;;;;;;;2025.09.26;22:45
NAS100;15;Setup;X_Marks_the_spot;;;;;;;;;;;;;;;;;;;;;;;;;;;;;;;2025.09.26;22:45
NAS100;15;Setup;ImpulseWithoutRetrace;;;;;;;;;;;;;;;;;;;;;;;;;;;;;;;2025.09.26;22:45
NAS100;15;Setup;MT_Rubberband;;;;;;;;;;;;;;;;;;;;;;;;;;;;;;;2025.09.26;22:45
NAS100;15;Setup;ST_Rubberband;;;;;;;;;;;;;;;;;;;;;;;;;;;;;;;2025.09.26;22:45
NAS100;15;Setup;LT_Conv.;;;;;;;;;;;;;;;;;;;;;;;;;;;;;;;2025.09.26;22:45
NAS100;15;K_D_MOM;MT_D_Angle;;;;;;;;;;;;;;;;;;;;;;;;;;;;;;;2025.09.26;22:45
NAS100;15;K_D_MOM;MT_K_Angle;s;s;;;;;;;;;;;;;;;;;;;;;;s;;s;s;;s;;2025.09.26;22:45
NAS100;15;K_D_MOM;MT_MOM_Angle;s;;;;;;;;;;;;;;;;;;;;;;;;;;;;;;2025.09.26;22:45
NAS100;15;K_D_MOM;ST_D_Angle;s;s;;;;;;;;;;;;;;;;;;;;;;;;s;s;;;;2025.09.26;22:45
NAS100;15;K_D_MOM;ST_K_Angle;s;;;;;;;;;;;;;;;;;;;;;;;s;;s;s;;;;2025.09.26;22:45
NAS100;15;K_D_MOM;ST_MOM_Angle;s;s;;;;;;;;;;;;;;;;;;;;;;s;;s;s;;s;;2025.09.26;22:45
NAS100;15;TRIGGER;P.ActionBar;;;;;;;;;;;;;;;;;;;;;;;;;;;;;;;2025.09.26;22:45
NAS100;15;TRIGGER;Stoc_Div.;;;;;;;;;;;;;;;;;;;;;;;;;;;;;;;2025.09.26;22:45
NAS100;15;BellCurve;TD_Countdown;;;;;;;;;;;;;;;;;;;;;;s;s;s;s;s;s;s;s;s;2025.09.26;22:45
NAS100;15;BellCurve;TD_Nine;;;;;;;;;;;;;;;;;;;;;s;s;s;s;s;s;s;s;s;s;2025.09.26;22:45
NAS100;15;BellCurve;Riding21EMA;;;;;;;;;;;;;;;;;;;;;;;;;;;;;;;2025.09.26;22:45
NAS100;15;BellCurve;Riding8EMA;;;;;;;;;;;;;;;;;;;;;;;;;;;;;;;2025.09.26;22:45
NAS100;15;BellCurve;SMI-div.;;;;;;;;;;;;;;;;;;;;;;;;;;;;;;;2025.09.26;22:45
NAS100;15;BellCurve;SMI-climax;;;;;;;;;;;;;;;;;;;;;;;;;;;;;;;2025.09.26;22:45
NAS100;15;BellCurve;RSI_BB_Stoc;;;;;;;;;;;;;;;;;;;;;;;;;;;;;;;2025.09.26;22:45
NAS100;15;BellCurve;ADX;;;;;;;;;;;;;;;;;;;;;;;;;;;;;;;2025.09.26;22:45
NAS100;15;BellCurve;MFI;;;;;;;;;;;;;;;;;;;;;;;;;;;;;;;2025.09.26;22:45
NAS100;15;BellCurve;BB_RSI;;;;;;;;;;;;;;;;;;;;;;;;;;;;;;;2025.09.26;22:45
NAS100;15;BellCurve;CCI;;;;;;;;;;;;;;;;;;;;;;;;;;;;;;;2025.09.26;22:45
XAGUSD;15;Setup;Trend_Cont;;;;;;;;;;;;;;;;;;;;;;;;;;;;;;;2025.09.26;22:45
XAGUSD;15;Setup;Trend_Reversal;;;;;;;;;;;;;;;;;;;;;;;;;;;;;;;2025.09.26;22:45
XAGUSD;15;Setup;MACD_Div_Partial;;;;;;;;;;;;;;;;;;;;;;;;;;;;;;;2025.09.26;22:45
XAGUSD;15;Setup;MACD_Div_Full;;;;;;;;;;;;;;;;;;;;;;;;;;;;;;;2025.09.26;22:45
XAGUSD;15;Setup;REload_ST;;;;;;;;;;;;;;;;;;;;;;;;;;;;;;;2025.09.26;22:45
XAGUSD;15;Setup;REload_MT;;;;;;;;;;;;;;;;;;;;;;;;;;;;;;;2025.09.26;22:45
XAGUSD;15;Setup;CycleAfter_X;;;;;;;;;;;;;;;;;;;;;;;;;;;;;;;2025.09.26;22:45
XAGUSD;15;Setup;CycleAfter_DAD;;;;;;;;;;;;;;;;;;;;;;;;;;;;b;b;b;2025.09.26;22:45
XAGUSD;15;Setup;MT_MOM_Wave3;;;;;;;;;;;;;;;;;;;;;;;;;;;;;;;2025.09.26;22:45
XAGUSD;15;Setup;MT_MOM_Wave2;;;;;;;;;;;;;;;;;;;;;;;;;;;;;;;2025.09.26;22:45
XAGUSD;15;Setup;X_Marks_the_spot;;;;;;;;;;;;;;;;;;;;;;;;;;;;;;;2025.09.26;22:45
XAGUSD;15;Setup;ImpulseWithoutRetrace;;;;;;;;;;;;;;;;;;;;;;;;;;;;;;;2025.09.26;22:45
XAGUSD;15;Setup;MT_Rubberband;;;;;;;;;;;;;;;;;;;;;;;;;;;;;;;2025.09.26;22:45
XAGUSD;15;Setup;ST_Rubberband;;;;;;;;;;;;;;;;;;;;;;;;;;;;;;;2025.09.26;22:45
XAGUSD;15;Setup;LT_Conv.;;;;;;;;;;;;;;;;;;;;;;;;;;;;b;b;;2025.09.26;22:45
XAGUSD;15;K_D_MOM;MT_D_Angle;;;;;;;;;;;;;;;;;;;;;;;;;;;;;;;2025.09.26;22:45
XAGUSD;15;K_D_MOM;MT_K_Angle;;;;;;;;;;;;;;;;;;;;;;;;;;;;;;;2025.09.26;22:45
XAGUSD;15;K_D_MOM;MT_MOM_Angle;;;;;;;;;;;;;;;;;;;;;;;;;;;;;;;2025.09.26;22:45
XAGUSD;15;K_D_MOM;ST_D_Angle;;;;;;;;;;;;;;;;;;;;;;;;;;;;;;;2025.09.26;22:45
XAGUSD;15;K_D_MOM;ST_K_Angle;;;;;;;;;;;;;;;;;;;;;;;;;;;;;;;2025.09.26;22:45
XAGUSD;15;K_D_MOM;ST_MOM_Angle;;;;;;;;;;;;;;;;;;;;;;;;;;;;;;;2025.09.26;22:45
XAGUSD;15;TRIGGER;P.ActionBar;;;;;;;;;;;;;;;;;;;;;;;;;;;;;;;2025.09.26;22:45
XAGUSD;15;TRIGGER;Stoc_Div.;;;;;;;;;;;;;;;;;;;;;;;;;;;;;;;2025.09.26;22:45
XAGUSD;15;BellCurve;TD_Countdown;;;;;;;;;;;;;;;;;;;s;s;s;s;s;s;s;s;s;;;;2025.09.26;22:45
XAGUSD;15;BellCurve;TD_Nine;;;;;s;s;s;s;s;s;s;s;s;s;s;s;s;s;s;s;s;s;s;s;s;s;s;;;b;2025.09.26;22:45
XAGUSD;15;BellCurve;Riding21EMA;;;;;;;;;;;;;;;;;;;;;;;;;;;;;;;2025.09.26;22:45
XAGUSD;15;BellCurve;Riding8EMA;;;;;;;;;;;;;;;;;;;;;;;;s;s;s;s;;;;2025.09.26;22:45
XAGUSD;15;BellCurve;SMI-div.;;;;;;;;;;;;;;;;;;;;;;;;;;;;;;;2025.09.26;22:45
XAGUSD;15;BellCurve;SMI-climax;;;;;;;;;;;;;;;;;;;;;;;;;;;;;;;2025.09.26;22:45
XAGUSD;15;BellCurve;RSI_BB_Stoc;;;;;;;;;;;;;;;;;;;;;;;;;;;;;;;2025.09.26;22:45
XAGUSD;15;BellCurve;ADX;;;;;;;;;;;;;;;;;;;;;;;;s;s;s;s;b;;s;2025.09.26;22:45
XAGUSD;15;BellCurve;MFI;;;;;;;;;;;;;s;s;s;s;s;s;s;s;s;s;s;s;s;s;s;;;;2025.09.26;22:45
XAGUSD;15;BellCurve;BB_RSI;;;;;;;;;;;;;;;;;;;;;;;;;;;;;;;2025.09.26;22:45
XAGUSD;15;BellCurve;CCI;s;s;s;s;s;s;s;s;s;s;s;s;s;s;s;s;s;s;s;s;s;s;s;s;s;s;s;;;;2025.09.26;22:45
BTCUSD;1440;Setup;Trend_Cont;b3;b3;b3;b3;b3;b3;b3;b3;b3;b3;b3;;;;;;;;;;;;;;;;;;;;2025.09.26;23:00
BTCUSD;1440;Setup;Trend_Reversal;;;;;;;;;;;;;;;;;;;;;;;;;;;;;;;2025.09.26;23:00
BTCUSD;1440;Setup;MACD_Div_Partial;;;;;;;;;;;;;;;;;s;s;s;s;s;s;s;s;s;s;s;s;;;2025.09.26;23:00
BTCUSD;1440;Setup;MACD_Div_Full;;;;;;;;;;;;;;;;;;;;;;;;;;;;;;;2025.09.26;23:00
BTCUSD;1440;Setup;REload_ST;;;;;;;;;;;;;;;;;;;;;;;;;;;;;;;2025.09.26;23:00
BTCUSD;1440;Setup;REload_MT;;;;;;;;;;;;;;;;;;;;;;;;;;;;;;;2025.09.26;23:00
BTCUSD;1440;Setup;CycleAfter_X;;;;;;;;;;;;;;;;;;;;;;;;;;;;;;;2025.09.26;23:00
BTCUSD;1440;Setup;CycleAfter_DAD;;;;;;;;;;;;;;;;;;;;;;;;;;;;;;;2025.09.26;23:00
BTCUSD;1440;Setup;MT_MOM_Wave3;b;b;b;b;b;b;b;b;b;b;b;;;;;;;;;;;;;;;;;;;;2025.09.26;23:00
BTCUSD;1440;Setup;MT_MOM_Wave2;;;;;;;;;;;;;;;;;;;;;;;;;;;;;;;2025.09.26;23:00
BTCUSD;1440;Setup;X_Marks_the_spot;;;;;;;;;;;;;;;;;;;;;;;;;;;;;;;2025.09.26;23:00
BTCUSD;1440;Setup;ImpulseWithoutRetrace;;;;;;;;;;;;;;;;;;;;;;;;;;;;;;;2025.09.26;23:00
BTCUSD;1440;Setup;MT_Rubberband;;;;;;;;;;;;;;;;;;;;;;;;;;;;;;;2025.09.26;23:00
BTCUSD;1440;Setup;ST_Rubberband;b;b;;;;;;;;;;;;;;;s;;;;;;;;;;;;;;2025.09.26;23:00
BTCUSD;1440;Setup;LT_Conv.;;;;;;;;;;;;;;;;;s;s;s;s;s;s;s;s;s;s;s;s;;;2025.09.26;23:00
BTCUSD;1440;K_D_MOM;MT_D_Angle;;;;;;;;;;;;;;;;;;;;;;;;;;;;;;;2025.09.26;23:00
BTCUSD;1440;K_D_MOM;MT_K_Angle;;;;;;;;;;;;;;;;;;;;;;;;;;;;;;;2025.09.26;23:00
BTCUSD;1440;K_D_MOM;MT_MOM_Angle;;;;;;;;;;;;;;;;;;;;;;;;;;;;;;;2025.09.26;23:00
BTCUSD;1440;K_D_MOM;ST_D_Angle;;;;;;;;;;;;;;;;;;;;;;;;;;;;;;;2025.09.26;23:00
BTCUSD;1440;K_D_MOM;ST_K_Angle;;;;;;;;;;;;;;;;;;;;;;;;;;;;;;;2025.09.26;23:00
BTCUSD;1440;K_D_MOM;ST_MOM_Angle;;;;;;;;;;;;;;;;;;;;;;;;;;;;;;;2025.09.26;23:00
BTCUSD;1440;TRIGGER;P.ActionBar;;;;;;;;;;;;;;;;;;;;;;;;;;;;;;;2025.09.26;23:00
BTCUSD;1440;TRIGGER;Stoc_Div.;;;;;;;;;;;;;;;;;;;;;;;;;;;;;;;2025.09.26;23:00
BTCUSD;1440;BellCurve;TD_Countdown;;;;;;;;;;;;;;;;;;;;;;;;;;;;;;;2025.09.26;23:00
BTCUSD;1440;BellCurve;TD_Nine;;;;;;;;;;;;;;;;;;;;;;;;;;;;;;;2025.09.26;23:00
BTCUSD;1440;BellCurve;Riding21EMA;;;;;;;;;;;;;;;;;;;;;;;;;;;;;;;2025.09.26;23:00
BTCUSD;1440;BellCurve;Riding8EMA;;;;;;;;;;;;;;;;;;;;;;;;;;;;;;;2025.09.26;23:00
BTCUSD;1440;BellCurve;SMI-div.;;;;;;;;;;;;;;;;;;;;;;;;;;;;;;;2025.09.26;23:00
BTCUSD;1440;BellCurve;SMI-climax;;;;;;;;;;;;;;;;;;;;;;;;;;;;;;;2025.09.26;23:00
BTCUSD;1440;BellCurve;RSI_BB_Stoc;;;;;;;;;;;;;;;;;;;;;;;;;;;;;;;2025.09.26;23:00
BTCUSD;1440;BellCurve;ADX;;;;;;;;;;;;;;;;;;;;;;;;;;;;;;;2025.09.26;23:00
BTCUSD;1440;BellCurve;MFI;;;;;;;;;;;;;;;;;;;;;;;;;;;;;;;2025.09.26;23:00
BTCUSD;1440;BellCurve;BB_RSI;;;;;;;;;;;;;;;;;;;;;;;;;;;;;;;2025.09.26;23:00
BTCUSD;1440;BellCurve;CCI;;;;;;;;;;;;;;;;;;;;;;;;;;;;;;;2025.09.26;23:00
ETHUSD;1440;Setup;Trend_Cont;;;;;;;;;;;;b3;b3;b3;b3;b3;b3;;;;;;;;;;;;;b3;2025.09.26;23:00
ETHUSD;1440;Setup;Trend_Reversal;;;;;;;;;;;;;;;;;;;;;;;;;;;;;;;2025.09.26;23:00
ETHUSD;1440;Setup;MACD_Div_Partial;;;;;;;;;;;;;;;;;;;;;;;;;;;;;;;2025.09.26;23:00
ETHUSD;1440;Setup;MACD_Div_Full;;;;;;;;;;;;;;;;;;;;;;;;;;;;;;;2025.09.26;23:00
ETHUSD;1440;Setup;REload_ST;;;;;;;;;;;;b;b;b;b;b;;;;;;;;;;;;;;;2025.09.26;23:00
ETHUSD;1440;Setup;REload_MT;;;;;;;;;;;;;;;;;;;;;;;;;;;;;;;2025.09.26;23:00
ETHUSD;1440;Setup;CycleAfter_X;;;;;;;;;;;;;;;;;;;;;;;;;;;;;;;2025.09.26;23:00
ETHUSD;1440;Setup;CycleAfter_DAD;;;;;;;;;;;;;;;;;;;;;;;;;;;;;;;2025.09.26;23:00
ETHUSD;1440;Setup;MT_MOM_Wave3;;;;;;;;;;;;;;;;;;;;;;;;;;;;;;b;2025.09.26;23:00
ETHUSD;1440;Setup;MT_MOM_Wave2;;;;;;;;;;;;;;;;;;;;s;s;s;s;;;;;;;;2025.09.26;23:00
ETHUSD;1440;Setup;X_Marks_the_spot;;;;;;;;;;;;;;;;;;;;;;;;;;;;;;;2025.09.26;23:00
ETHUSD;1440;Setup;ImpulseWithoutRetrace;;;;;;;;;;;;;;;;;;;;;;;;;;;;;;;2025.09.26;23:00
ETHUSD;1440;Setup;MT_Rubberband;;;;;;;;;;;;;;;;;;;;;;;;;;;;;;;2025.09.26;23:00
ETHUSD;1440;Setup;ST_Rubberband;;;;;;;;;;;;;;;;;;;;;;;;;;;b;b;b;b;2025.09.26;23:00
ETHUSD;1440;Setup;LT_Conv.;;;;;;;;;;;;;;;;;;;;s;s;s;s;;;;;;;;2025.09.26;23:00
ETHUSD;1440;K_D_MOM;MT_D_Angle;;;;;;;;;;;;;;;;;;;;;;;;;;;;;;;2025.09.26;23:00
ETHUSD;1440;K_D_MOM;MT_K_Angle;;;;;;;;;;;;;;;b;b;b;;;;;s;s;;;;;;;;2025.09.26;23:00
ETHUSD;1440;K_D_MOM;MT_MOM_Angle;;;;;;;;;;;;;;;;;b;;;s;s;s;;;;;;;;;2025.09.26;23:00
ETHUSD;1440;K_D_MOM;ST_D_Angle;;;;;;;;;;;;;;;;;b;;;s;s;s;s;;;;;;;;2025.09.26;23:00
ETHUSD;1440;K_D_MOM;ST_K_Angle;;;;;;;;;;;;;;;;;;;;s;s;;;;;;;;;;2025.09.26;23:00
ETHUSD;1440;K_D_MOM;ST_MOM_Angle;;;;;;;;;;;;;;;;;b;;;s;s;s;;;;;;;;;2025.09.26;23:00
ETHUSD;1440;TRIGGER;P.ActionBar;;;;;;;;;;;;;;;;;;;;;;;;;;;;;;;2025.09.26;23:00
ETHUSD;1440;TRIGGER;Stoc_Div.;;;;;;;;;;;;;;;;;;;;;;;;;;;;;;;2025.09.26;23:00
ETHUSD;1440;BellCurve;TD_Countdown;;;;;;;;;;;;;;;;;;;;;;;;;;;;;;;2025.09.26;23:00
ETHUSD;1440;BellCurve;TD_Nine;s;s;s;;;;;;;;;;;;;;;;;;;;;;;;;;b;b;2025.09.26;23:00
ETHUSD;1440;BellCurve;Riding21EMA;;;;;;;;;;;;;;;;;;;;;;;;;;;;;;;2025.09.26;23:00
ETHUSD;1440;BellCurve;Riding8EMA;;;;;;;;;;;;;;;;;;;;;;;;;;;;;;;2025.09.26;23:00
ETHUSD;1440;BellCurve;SMI-div.;;;;;;;;;;;;;;;;;;;;;;;;;;;;;;;2025.09.26;23:00
ETHUSD;1440;BellCurve;SMI-climax;;;;;;;;;;;;;;;;;;;;;;;;;;;;;;;2025.09.26;23:00
ETHUSD;1440;BellCurve;RSI_BB_Stoc;;;;;;;;;;;;;;;;;;;;;;;;;;;;;;;2025.09.26;23:00
ETHUSD;1440;BellCurve;ADX;;;;;;;;;;;;;;;;;;;;;;;;;;;;;;;2025.09.26;23:00
ETHUSD;1440;BellCurve;MFI;;;;;;;;;;;;;;;;;;;;;;;;;;;;;;;2025.09.26;23:00
ETHUSD;1440;BellCurve;BB_RSI;;;;;;;;;;;;;;;;;;;;;;;;;;;;;;;2025.09.26;23:00
ETHUSD;1440;BellCurve;CCI;;;;;;;;;;;;;;;;;;;;;;;;;;;;;;;2025.09.26;23:00
BTCUSD;240;Setup;Trend_Cont;b1;b1;b1;b1;b1;b1;b1;b1;b1;b1;;;;;;;;;;;;;;;;;;;;;2025.09.27;16:05
BTCUSD;240;Setup;Trend_Reversal;;;;;;;;;;;;;;;;;;;;;;;;;;;;;;;2025.09.27;16:05
BTCUSD;240;Setup;MACD_Div_Partial;;;;;;;;;;;;;;;;;;;;;;;;;;;;;;;2025.09.27;16:05
BTCUSD;240;Setup;MACD_Div_Full;;;;;;;;;;;;;;;;;;;;;;;;;;;;;;;2025.09.27;16:05
BTCUSD;240;Setup;REload_ST;;;;;;;;;;;;;;;;;;;;;;;;;;;;;;;2025.09.27;16:05
BTCUSD;240;Setup;REload_MT;;;;;;;;;;;;;;;;;;;;;;;;;;;;;;;2025.09.27;16:05
BTCUSD;240;Setup;CycleAfter_X;;;;;;;;;;;;;;;;;;;;;;;;;;;;;;;2025.09.27;16:05
BTCUSD;240;Setup;CycleAfter_DAD;;;;;;;;;;;;;;;;s;s;;;;;;;;;;;;;;2025.09.27;16:05
BTCUSD;240;Setup;MT_MOM_Wave3;b;b;b;b;b;b;b;b;b;b;b;b;b;b;;;;;;b;b;b;b;b;b;b;b;b;b;b;2025.09.27;16:05
BTCUSD;240;Setup;MT_MOM_Wave2;;;;;;;;;;;;;;;;;;;;;;;;;;;;;;;2025.09.27;16:05
BTCUSD;240;Setup;X_Marks_the_spot;;;;;;;;;;;;;;;;;;;;;;;;;;;;;;;2025.09.27;16:05
BTCUSD;240;Setup;ImpulseWithoutRetrace;;;;;;;;;;;;;;;;;;;;;;;;;;;;;;;2025.09.27;16:05
BTCUSD;240;Setup;MT_Rubberband;;;;;;;;;;;;;;;;;;;;b;b;b;b;b;b;b;b;b;b;b;2025.09.27;16:05
BTCUSD;240;Setup;ST_Rubberband;;;;;;;;;;;;;;;;;;;;;;;;;;;;;;;2025.09.27;16:05
BTCUSD;240;Setup;LT_Conv.;;;;;;;;;;;;;b;b;;s;s;;;;;;;;;;;;;;2025.09.27;16:05
BTCUSD;240;K_D_MOM;MT_D_Angle;;;;;;;b;b;b;b;;;b;b;;;;;;;;;;;;;;;;b;2025.09.27;16:05
BTCUSD;240;K_D_MOM;MT_K_Angle;b;b;b;b;b;b;b;;b;b;;;b;b;;;;;;;;;;b;b;b;b;b;;b;2025.09.27;16:05
BTCUSD;240;K_D_MOM;MT_MOM_Angle;;;;;;;;;;;;;b;b;;s;s;;;;;;;;;;;b;;;2025.09.27;16:05
BTCUSD;240;K_D_MOM;ST_D_Angle;;;;;;;;;;;;;b;b;;s;s;;;;;;;;;;;b;;;2025.09.27;16:05
BTCUSD;240;K_D_MOM;ST_K_Angle;;;;;;;;;;;;;;;;s;;;;;;;;;;;;b;;;2025.09.27;16:05
BTCUSD;240;K_D_MOM;ST_MOM_Angle;;;;;;;;;;;;;b;b;;s;s;;;;;;;;;;;b;;;2025.09.27;16:05
BTCUSD;240;TRIGGER;P.ActionBar;;;;;;;;;;;;;;;;;;;;;;;;;;;;;;;2025.09.27;16:05
BTCUSD;240;TRIGGER;Stoc_Div.;;;;;;;;;;;;;;;;;;;;;;;;;;;;;;;2025.09.27;16:05
BTCUSD;240;BellCurve;TD_Countdown;;;;;;;;;;;;;;;;;;;;;;;;;;;;;;;2025.09.27;16:05
BTCUSD;240;BellCurve;TD_Nine;;;;;;;;;;;;;;;;;;;;;;;;;;;;;;;2025.09.27;16:05
BTCUSD;240;BellCurve;Riding21EMA;;;;;;;;;;;;;;;;;;;;;;;;;;;;;;;2025.09.27;16:05
BTCUSD;240;BellCurve;Riding8EMA;;;;;;;;;;;;b;b;b;b;;;;;;;;;;;;;;;;2025.09.27;16:05
BTCUSD;240;BellCurve;SMI-div.;;;;;;;;;;;;;;;;;;;;;;;;;;;;;;;2025.09.27;16:05
BTCUSD;240;BellCurve;SMI-climax;;;;;;;;;;;;;;;;;;;;;;;;;;;;;;;2025.09.27;16:05
BTCUSD;240;BellCurve;RSI_BB_Stoc;;;;;;;;;;;;;;;;;;;;;;;;;;;;;;;2025.09.27;16:05
BTCUSD;240;BellCurve;ADX;;;;;;b;b;b;b;b;b;b;b;b;b;;;;;;;;;;;;;;;;2025.09.27;16:05
BTCUSD;240;BellCurve;MFI;;;;;b;b;b;b;b;b;b;b;b;b;b;;;;;;;;;;;;;;;;2025.09.27;16:05
BTCUSD;240;BellCurve;BB_RSI;;;;;;;;;;;;;;;;;;;;;;;;;;;;;;;2025.09.27;16:05
BTCUSD;240;BellCurve;CCI;;;;;;;;;;;;;;;;;;;;;;;;;;;;;;;2025.09.27;16:05
ETHUSD;240;Setup;Trend_Cont;;;;;;;;;;;;;;;;;;;;;;;;;;;;;;;2025.09.27;16:05
ETHUSD;240;Setup;Trend_Reversal;;;;;;;;;;;;;;;;;;;;;;;;;;;;;;;2025.09.27;16:05
ETHUSD;240;Setup;MACD_Div_Partial;;;;;;;;;;;;;;;;;;;;;;;;;;;;;;;2025.09.27;16:05
ETHUSD;240;Setup;MACD_Div_Full;;;;;;;;;;;;;;;;;;;;;;;;;;;;;;;2025.09.27;16:05
ETHUSD;240;Setup;REload_ST;;;;;;;;;;;;;;;;;;;;;;;;;;;;;;;2025.09.27;16:05
ETHUSD;240;Setup;REload_MT;;;;;;;;;;;;;;;;;;;;;;;;;;;;;;;2025.09.27;16:05
ETHUSD;240;Setup;CycleAfter_X;;;;;;;;;;;;;;;;;;;;;;;;;;;;;s;s;2025.09.27;16:05
ETHUSD;240;Setup;CycleAfter_DAD;;;;;;;;;;;;;;;;;;;;;;;;;;;;;;;2025.09.27;16:05
ETHUSD;240;Setup;MT_MOM_Wave3;b;b;b;b;b;b;b;b;b;b;b;b;b;b;b;b;b;b;b;b;b;b;b;b;b;b;b;b;b;;2025.09.27;16:05
ETHUSD;240;Setup;MT_MOM_Wave2;;;;;;;;;;;;;;;;;;;;;;;;;;;;;;;2025.09.27;16:05
ETHUSD;240;Setup;X_Marks_the_spot;;;;;;;;;;;;;;;;;;;;;;;;;;;;;;;2025.09.27;16:05
ETHUSD;240;Setup;ImpulseWithoutRetrace;;;;;;;;;;;;;;;;;;;;;;;;;;;;;;;2025.09.27;16:05
ETHUSD;240;Setup;MT_Rubberband;;;;;;;;;;;;;;;;;;;;;;;;;;;;;;;2025.09.27;16:05
ETHUSD;240;Setup;ST_Rubberband;;;;;;;;;;;;;;;;;;;;;;;;;;;;;;;2025.09.27;16:05
ETHUSD;240;Setup;LT_Conv.;;;;;;;;;;;;;;;b;;;;;;;;;;;;;;s;s;2025.09.27;16:05
ETHUSD;240;K_D_MOM;MT_D_Angle;;;;;;;;;;;;;;;b;;;;;;;;;;;;;;;;2025.09.27;16:05
ETHUSD;240;K_D_MOM;MT_K_Angle;;;;;;;;;;;;;;;b;;;;;;;;;;;;;;;;2025.09.27;16:05
ETHUSD;240;K_D_MOM;MT_MOM_Angle;;;;;;;;;;;;;;;;;;;;;;;;;;;;;;;2025.09.27;16:05
ETHUSD;240;K_D_MOM;ST_D_Angle;;;;;;;;;;;;;;;;;;;;;;;;;;;;;;;2025.09.27;16:05
ETHUSD;240;K_D_MOM;ST_K_Angle;;;;;;;;;;;;;;;;;;;;;;;;;;;;;;;2025.09.27;16:05
ETHUSD;240;K_D_MOM;ST_MOM_Angle;;;;;;;;;;;;;;;;;;;;;;;;;;;;;;;2025.09.27;16:05
ETHUSD;240;TRIGGER;P.ActionBar;;;;;;;;;;;;;;;;;;;;;;;;;;;;;;;2025.09.27;16:05
ETHUSD;240;TRIGGER;Stoc_Div.;;;;;;;;;;;;;;;;;;;;;;;;;;;;;;;2025.09.27;16:05
ETHUSD;240;BellCurve;TD_Countdown;;;;;;;;;;;;;;;;;;;;;;;;;;;;;;;2025.09.27;16:05
ETHUSD;240;BellCurve;TD_Nine;;;;;;;;;;;;;;;;;;;;;;;;;;;;;;;2025.09.27;16:05
ETHUSD;240;BellCurve;Riding21EMA;;;;;;;;;;;;;;;;;;;;;;;;;;;;;;;2025.09.27;16:05
ETHUSD;240;BellCurve;Riding8EMA;;;;;;;;;;;;b;b;b;b;b;b;b;b;b;b;b;b;b;b;b;b;b;b;b;2025.09.27;16:05
ETHUSD;240;BellCurve;SMI-div.;;;;;;;;;;;;;;;;;;;;;;;;;;;;;;;2025.09.27;16:05
ETHUSD;240;BellCurve;SMI-climax;;;;;;;;;;;;;;;;;;;;;;;;;;;;;;;2025.09.27;16:05
ETHUSD;240;BellCurve;RSI_BB_Stoc;;;;;;;;;;;;;;;;;;;;;;;;;;;;;;;2025.09.27;16:05
ETHUSD;240;BellCurve;ADX;;;;;;;;;;;;;;;;;;;;;;;;b;b;b;b;b;b;b;2025.09.27;16:05
ETHUSD;240;BellCurve;MFI;;;;;;;;;;;;;;;;;;;;;;;;;;;;;;;2025.09.27;16:05
ETHUSD;240;BellCurve;BB_RSI;;;;;;;;;;;;;;;;;;;;;b;b;b;b;b;b;b;b;b;b;2025.09.27;16:05
ETHUSD;240;BellCurve;CCI;;;;;;;;;;;;;;;;b;b;b;b;b;b;b;b;b;b;b;b;b;b;b;2025.09.27;16:05
BTCUSD;60;Setup;Trend_Cont;;;;;;;;;;;;;;;;;;;;;;;;;;;;;;;2025.09.27;19:05
BTCUSD;60;Setup;Trend_Reversal;;;;;;;;;;;;;;;;;;;;;;;;;;;;;;;2025.09.27;19:05
BTCUSD;60;Setup;MACD_Div_Partial;b;b;b;;;;;;;;;;;;;;;;;;;;;;;;;;;;2025.09.27;19:05
BTCUSD;60;Setup;MACD_Div_Full;;;;;;;;;;;;;;;;;;;;;;;;;;;;;;;2025.09.27;19:05
BTCUSD;60;Setup;REload_ST;;;;;;;;;;;;;;;;;;;;;;;;;;;;;;;2025.09.27;19:05
BTCUSD;60;Setup;REload_MT;;;;;;;;;;;;;;;;;;;;;;;;;;;;;;;2025.09.27;19:05
BTCUSD;60;Setup;CycleAfter_X;;;;;;;;;;;;;;;;;;;;;;;;;;;;;;;2025.09.27;19:05
BTCUSD;60;Setup;CycleAfter_DAD;;;;;;;;s;s;s;s;s;s;;;;;;;;;b;b;b;b;;;;;;2025.09.27;19:05
BTCUSD;60;Setup;MT_MOM_Wave3;;;;;;;;;;;;;;;;;;;;;;;;;;;;;;;2025.09.27;19:05
BTCUSD;60;Setup;MT_MOM_Wave2;;;;s;;;s;s;s;s;s;s;s;s;s;s;s;s;s;s;;;;;;;;;;;2025.09.27;19:05
BTCUSD;60;Setup;X_Marks_the_spot;;;;;;;;;;;;;;;;;;;;;;;;;;;;;;;2025.09.27;19:05
BTCUSD;60;Setup;ImpulseWithoutRetrace;;;;;;;;;;;;;;;;;;;;;;;;;;;;;;;2025.09.27;19:05
BTCUSD;60;Setup;MT_Rubberband;;;;;;;;;;;;;;;;;;;;;;;;;;;;;;;2025.09.27;19:05
BTCUSD;60;Setup;ST_Rubberband;;;;;;;;;;;;;;;;;;;;;;;;;;;;;;;2025.09.27;19:05
BTCUSD;60;Setup;LT_Conv.;;;;s;;;s;;s;s;s;;;;;;;;;;;b;b;b;b;;;;;;2025.09.27;19:05
BTCUSD;60;K_D_MOM;MT_D_Angle;;;;;;;;;;;;;;;;;;;;;;;;;;;;;;;2025.09.27;19:05
BTCUSD;60;K_D_MOM;MT_K_Angle;;;;;;;;;;;;;;;;;;;;;;;;;;;;;;;2025.09.27;19:05
BTCUSD;60;K_D_MOM;MT_MOM_Angle;;;;;;;;;;;;;;;;;;;;;;;;;;;;;;;2025.09.27;19:05
BTCUSD;60;K_D_MOM;ST_D_Angle;;;;;;;;;;;;;;;;;;;;;;;;;;;;;;;2025.09.27;19:05
BTCUSD;60;K_D_MOM;ST_K_Angle;;;;;;;;;;;;;;;;;;;;;;;;;;;;;;;2025.09.27;19:05
BTCUSD;60;K_D_MOM;ST_MOM_Angle;;;;;;;;;;;;;;;;;;;;;;;;;;;;;;;2025.09.27;19:05
BTCUSD;60;TRIGGER;P.ActionBar;;;;;;;;;;;;;;;;;;;;;;;;;;;;;;;2025.09.27;19:05
BTCUSD;60;TRIGGER;Stoc_Div.;;;;;;;;;;;;;;;;;;;;;;;;;;;;;;;2025.09.27;19:05
BTCUSD;60;BellCurve;TD_Countdown;;;;;;;;;;;;;;;;;;;;;;;;;;;;;;;2025.09.27;19:05
BTCUSD;60;BellCurve;TD_Nine;;;;;;;;;;;;;;;;;;;;;;;;;;;;;;;2025.09.27;19:05
BTCUSD;60;BellCurve;Riding21EMA;;;;;;;;;;;;;;;;;;;;;;;;;;;;;;;2025.09.27;19:05
BTCUSD;60;BellCurve;Riding8EMA;;;;;;;;;;;;;;;;;;;;;;;;;;;;;;;2025.09.27;19:05
BTCUSD;60;BellCurve;SMI-div.;;;;;;;;;;;;;;;;;;;;;;;;;;;;;;;2025.09.27;19:05
BTCUSD;60;BellCurve;SMI-climax;;;;;;;;;;;;;;;;;;;;;;;;;;;;;;;2025.09.27;19:05
BTCUSD;60;BellCurve;RSI_BB_Stoc;;;;;;;;;;;;;;;;;;;;;;;;;;;;;;;2025.09.27;19:05
BTCUSD;60;BellCurve;ADX;;;;;;;;;;;;;;;;;;;;;;;;;;;;;;;2025.09.27;19:05
BTCUSD;60;BellCurve;MFI;;;;;;;;;;;;;;;;;;;;;;;;;;;;;;;2025.09.27;19:05
BTCUSD;60;BellCurve;BB_RSI;;;;;;;;;;;;;;;;;;;;;;;;;;;;;;;2025.09.27;19:05
BTCUSD;60;BellCurve;CCI;;;;;;;;;;;;;;;;;;;;;;;;;;;;;;;2025.09.27;19:05
ETHUSD;60;Setup;Trend_Cont;;;;;;;;s3;s3;s3;s3;s3;s3;s3;s3;s3;;;;;;;;;;;;;;;2025.09.27;19:05
ETHUSD;60;Setup;Trend_Reversal;;;;;;;;;;;;;;;;;;;;;;;;;;;;;;;2025.09.27;19:05
ETHUSD;60;Setup;MACD_Div_Partial;;;;;;;;;;;;;;;;;;;;;;;;;;;;;;;2025.09.27;19:05
ETHUSD;60;Setup;MACD_Div_Full;;;;;;;;;;;;;;;;;;;;;;;;;;;;;;;2025.09.27;19:05
ETHUSD;60;Setup;REload_ST;;;;;;;;;;;;;;;;;;;;;;;;;;;;;;;2025.09.27;19:05
ETHUSD;60;Setup;REload_MT;;;;;;;;;;;;;;;;;;;;;;;;;;;;;;;2025.09.27;19:05
ETHUSD;60;Setup;CycleAfter_X;;;;;;;;;;;;;;;;;;;;;;;;;;;;;;;2025.09.27;19:05
ETHUSD;60;Setup;CycleAfter_DAD;;;;;;;;;;;;;;;;;;;;;;;;b;b;b;b;;;;2025.09.27;19:05
ETHUSD;60;Setup;MT_MOM_Wave3;;;;;;;;;;;;;;;;;;;;;;;;;;;;;;;2025.09.27;19:05
ETHUSD;60;Setup;MT_MOM_Wave2;s;s;s;s;s;s;s;s;s;s;s;;;;;;;;;;;;;;;;;;;;2025.09.27;19:05
ETHUSD;60;Setup;X_Marks_the_spot;;;;;;;;;;;;;;;;;;;;;;;;;;;;;;;2025.09.27;19:05
ETHUSD;60;Setup;ImpulseWithoutRetrace;;;;;;;;;;;;;;;;;;;;;;;;;;;;;;;2025.09.27;19:05
ETHUSD;60;Setup;MT_Rubberband;;;;;;;;;;;;;;;;;;;;;;;;;;;;;;;2025.09.27;19:05
ETHUSD;60;Setup;ST_Rubberband;;;;;;;;s;;;;;;;;;;;;;;;;;;;;;;;2025.09.27;19:05
ETHUSD;60;Setup;LT_Conv.;s;s;s;s;s;;;;;;;;;;;;;;;;;;;b;b;b;b;;;;2025.09.27;19:05
ETHUSD;60;K_D_MOM;MT_D_Angle;;;;;;;;;;;;;;;;;;;;;;;;;;;;;;;2025.09.27;19:05
ETHUSD;60;K_D_MOM;MT_K_Angle;;;;;;;;;;;;;;;;;;;;;;;;;;;;;;;2025.09.27;19:05
ETHUSD;60;K_D_MOM;MT_MOM_Angle;;;;;;;;;;;;;;;;;;;;;;;;;;;;;;;2025.09.27;19:05
ETHUSD;60;K_D_MOM;ST_D_Angle;;;;;;;;;;;;;;;;;;;;;;;;;;;;;;;2025.09.27;19:05
ETHUSD;60;K_D_MOM;ST_K_Angle;;;;;;;;;;;;;;;;;;;;;;;;;;;;;;;2025.09.27;19:05
ETHUSD;60;K_D_MOM;ST_MOM_Angle;;;;;;;;;;;;;;;;;;;;;;;;;;;;;;;2025.09.27;19:05
ETHUSD;60;TRIGGER;P.ActionBar;;;;;;;;;;;;;;;;;;;;;;;;;;;;;;;2025.09.27;19:05
ETHUSD;60;TRIGGER;Stoc_Div.;;;;;;;;;;;;;;;;;;;;;;;;;;;;;;;2025.09.27;19:05
ETHUSD;60;BellCurve;TD_Countdown;;;;;;;;;;;;;;;;;;;;;;;;;;;;;;;2025.09.27;19:05
ETHUSD;60;BellCurve;TD_Nine;;;;;;;;;;;;;;;;;;;;;;;;;;;;;;;2025.09.27;19:05
ETHUSD;60;BellCurve;Riding21EMA;;;;;;;;;;;;;;;;;;;;;;;;;;;;;;;2025.09.27;19:05
ETHUSD;60;BellCurve;Riding8EMA;;;;;;;;;;;;;;;;;;;;;;;;;;;;;;;2025.09.27;19:05
ETHUSD;60;BellCurve;SMI-div.;;;;;;;;;;;;;;;;;;;;;;;;;;;;;;;2025.09.27;19:05
ETHUSD;60;BellCurve;SMI-climax;;;;;;;;;;;;;;;;;;;;;;;;;;;;;;;2025.09.27;19:05
ETHUSD;60;BellCurve;RSI_BB_Stoc;;;;;;;;;;;;;;;;;;;;;;;;;;;;;;;2025.09.27;19:05
ETHUSD;60;BellCurve;ADX;;;;;;;;;;;;;;;;;;;;;;;;;;;;;;;2025.09.27;19:05
ETHUSD;60;BellCurve;MFI;;;;;;;;;;;;;;;;;;;;;;;;;;;;;;;2025.09.27;19:05
ETHUSD;60;BellCurve;BB_RSI;;;;;;;;;;;;;;;;;;;;;;;;;;;;;;;2025.09.27;19:05
ETHUSD;60;BellCurve;CCI;;;;;;;;;;;;;;;;;;;;;;;;;;;;;;;2025.09.27;19:05
ETHUSD;30;Setup;Trend_Cont;;;;;;;;;;;;;;;;;;;;;;;;;;;;;;;2025.09.27;19:35
ETHUSD;30;Setup;Trend_Reversal;;;;;;;;;;;;;;;;;;;;;;;;;;;;;;;2025.09.27;19:35
ETHUSD;30;Setup;MACD_Div_Partial;;;;;;;;;;;;;b;b;b;b;b;b;;;;;;;;;;;;;2025.09.27;19:35
ETHUSD;30;Setup;MACD_Div_Full;;;;;;;;;;;;;;;;;;;;;;;;;;;;;;;2025.09.27;19:35
ETHUSD;30;Setup;REload_ST;;;;;;;;;;;;;b;b;b;b;b;;;;;;;;;;;;;;2025.09.27;19:35
ETHUSD;30;Setup;REload_MT;;;;;;;;;;;;;;;;;;;;;;;;;;;;;;;2025.09.27;19:35
ETHUSD;30;Setup;CycleAfter_X;;;;;;;;;;;;;;;;;;;;;;;;;;;;;;;2025.09.27;19:35
ETHUSD;30;Setup;CycleAfter_DAD;b;b;b;b;b;b;b;b;b;b;b;b;b;b;b;b;b;b;;;;;;;;;;;;;2025.09.27;19:35
ETHUSD;30;Setup;MT_MOM_Wave3;;;;;;;;;;;;;;;;;;;;;;;;;;;;;;;2025.09.27;19:35
ETHUSD;30;Setup;MT_MOM_Wave2;;;;;;;;;;;;;;;;;;;;;;;;;;;;;;;2025.09.27;19:35
ETHUSD;30;Setup;X_Marks_the_spot;;;;;;;;;;;;;;;;;;;;;;;;;;;;;;;2025.09.27;19:35
ETHUSD;30;Setup;ImpulseWithoutRetrace;;;;;;;;;;;;;;;;;;;;;;;;;;;;;;;2025.09.27;19:35
ETHUSD;30;Setup;MT_Rubberband;;;;;;;;;;;;;;;;;;;;;;;;;;;;;;;2025.09.27;19:35
ETHUSD;30;Setup;ST_Rubberband;;;;;;;;;;;;;;;;;;;;;;;;;;;;;b;b;2025.09.27;19:35
ETHUSD;30;Setup;LT_Conv.;b;b;b;b;b;b;b;b;b;b;b;b;b;b;b;b;b;b;;;;;;;;;;;b;b;2025.09.27;19:35
ETHUSD;30;K_D_MOM;MT_D_Angle;;;;;;;;;;;;;;;;;;b;;;;;;;;;;;b;;2025.09.27;19:35
ETHUSD;30;K_D_MOM;MT_K_Angle;;;;;b;b;b;;;;;;;;b;b;b;b;;;;;;;;;;;;;2025.09.27;19:35
ETHUSD;30;K_D_MOM;MT_MOM_Angle;;;;;;;;;;;;;;;;;b;b;;;;;;;;;;;;;2025.09.27;19:35
ETHUSD;30;K_D_MOM;ST_D_Angle;;;;;;;;;;;;;;;;;b;b;;;;;;;;;;;;;2025.09.27;19:35
ETHUSD;30;K_D_MOM;ST_K_Angle;;;;;;;;;;;;;;;;;;;;;;;;;;;;;;;2025.09.27;19:35
ETHUSD;30;K_D_MOM;ST_MOM_Angle;;;;;;;;;;;;;;;;;b;b;;;;;;;;;;;;;2025.09.27;19:35
ETHUSD;30;TRIGGER;P.ActionBar;;;;;;;;;;;;;;;;;;;;;;;;;;;;;;;2025.09.27;19:35
ETHUSD;30;TRIGGER;Stoc_Div.;;;;;;;;;;;;;;;;;;;;;;;;;;;;;;;2025.09.27;19:35
ETHUSD;30;BellCurve;TD_Countdown;;;;;;;;;;;;;;;;;;;;;;;;;;;;;;;2025.09.27;19:35
ETHUSD;30;BellCurve;TD_Nine;;;;;;;;;;;;;;;;;;;;;;;;;;;;;;;2025.09.27;19:35
ETHUSD;30;BellCurve;Riding21EMA;;;;;;;;;;s;;;;;;;;;;;;;;;;;;;;;2025.09.27;19:35
ETHUSD;30;BellCurve;Riding8EMA;;;;;;;;;;;;;;;;;;;;;;;;;;;;;;;2025.09.27;19:35
ETHUSD;30;BellCurve;SMI-div.;;;;;;;;;;;;;;;;;;;;;;;;;;;;;;;2025.09.27;19:35
ETHUSD;30;BellCurve;SMI-climax;;;;;;;;;;;;;;;;;;;;;;;;;;;;;;;2025.09.27;19:35
ETHUSD;30;BellCurve;RSI_BB_Stoc;;;;;;;;;;;;;;;;;;;;;;;;;;;;;;;2025.09.27;19:35
ETHUSD;30;BellCurve;ADX;;;;;;;;;;;;;;;;;;;;;;;;;;;;;;;2025.09.27;19:35
ETHUSD;30;BellCurve;MFI;;;;;;;;;;;;;;;;;;;;;;;;;;;;;;;2025.09.27;19:35
ETHUSD;30;BellCurve;BB_RSI;;;;;;;;;;;;;;;;;;;;;;;;;;;;;;;2025.09.27;19:35
ETHUSD;30;BellCurve;CCI;;;;;;;;;;;;b;;;;;;;;;;;;;;;;;;;2025.09.27;19:35
ETHUSD;15;Setup;Trend_Cont;;;;;;;;;;;;;;;;;;;;;;;;;;;;;;;2025.09.27;19:50
ETHUSD;15;Setup;Trend_Reversal;;;;;;;;;;;;;;;;;;;;;;;;;;;;;;;2025.09.27;19:50
ETHUSD;15;Setup;MACD_Div_Partial;;;;;;;;;;;;;;;;;;;;;;;;;;;;;;;2025.09.27;19:50
ETHUSD;15;Setup;MACD_Div_Full;;;;;;;;;;;;;;;;;;;;;;;;;;;;;;;2025.09.27;19:50
ETHUSD;15;Setup;REload_ST;;;;;;;;;;;;;;;;;;;;;;;;;;;;;;;2025.09.27;19:50
ETHUSD;15;Setup;REload_MT;;;;;;;;;;;;;;;;;;;;;;;;;;;;;;;2025.09.27;19:50
ETHUSD;15;Setup;CycleAfter_X;;;;;;;;;;;;;;;;;;;;;;;;;;;;;;;2025.09.27;19:50
ETHUSD;15;Setup;CycleAfter_DAD;;;s;s;s;s;s;s;s;s;s;s;s;s;s;s;s;s;;;;;;;;;;;;;2025.09.27;19:50
ETHUSD;15;Setup;MT_MOM_Wave3;;;;;;;;;;;;;;;;;;;;;;;;;;;;;;;2025.09.27;19:50
ETHUSD;15;Setup;MT_MOM_Wave2;;;s;s;s;s;s;s;s;s;s;s;s;s;s;s;;s;s;;;;;;;;;;;;2025.09.27;19:50
ETHUSD;15;Setup;X_Marks_the_spot;;;;;;;;;;;;;;;;;;;;;;;;;;;;;;;2025.09.27;19:50
ETHUSD;15;Setup;ImpulseWithoutRetrace;;;;;;;;;;;;;;;;;;;;;;;;;;;;;;;2025.09.27;19:50
ETHUSD;15;Setup;MT_Rubberband;;;;;;;;;;;;;;;;;;;;;;;;;;;;;;;2025.09.27;19:50
ETHUSD;15;Setup;ST_Rubberband;;;;;;;;;;s;;;;;;;;;;;s;;;;;;;;;;2025.09.27;19:50
ETHUSD;15;Setup;LT_Conv.;;;s;s;s;s;s;s;s;s;s;s;s;;;;;;s;;;;;;;;;;;;2025.09.27;19:50
ETHUSD;15;K_D_MOM;MT_D_Angle;;;;;;;;;;;;;;;;;;;;;;;;;;;;;;;2025.09.27;19:50
ETHUSD;15;K_D_MOM;MT_K_Angle;;;;;;;;;;;;;;;;;;;;;;;;;;;;;;;2025.09.27;19:50
ETHUSD;15;K_D_MOM;MT_MOM_Angle;;;;;;;;;;;;;;;;;;;;;;;;;;;;;;;2025.09.27;19:50
ETHUSD;15;K_D_MOM;ST_D_Angle;;;;;;;;;;;;;;;;;;;;;;;;;;;;;;;2025.09.27;19:50
ETHUSD;15;K_D_MOM;ST_K_Angle;;;;;;;;;;;;;;;;;;;;;;;;;;;;;;;2025.09.27;19:50
ETHUSD;15;K_D_MOM;ST_MOM_Angle;;;;;;;;;;;;;;;;;;;;;;;;;;;;;;;2025.09.27;19:50
ETHUSD;15;TRIGGER;P.ActionBar;;;;;;;;;;;;;;;;;;;;;;;;;;;;;;;2025.09.27;19:50
ETHUSD;15;TRIGGER;Stoc_Div.;;;;;;;;;;;;;;;;;;;;;;;;;;;;;;;2025.09.27;19:50
ETHUSD;15;BellCurve;TD_Countdown;;;;;;;;;;;;;;;;;;;;;;;;;;;;;;;2025.09.27;19:50
ETHUSD;15;BellCurve;TD_Nine;;;;;;;;;;;;;;;;;;;;;;;;;;;;;;;2025.09.27;19:50
ETHUSD;15;BellCurve;Riding21EMA;;;;;;;;;;;;;;;;;;;;;;;;;;;;;;;2025.09.27;19:50
ETHUSD;15;BellCurve;Riding8EMA;;;;;;;;;;;;;;;;;;;;;;;;;;;;;;;2025.09.27;19:50
ETHUSD;15;BellCurve;SMI-div.;;;;;;;;;;;;;;;;;;;;;;;;;;;;;;;2025.09.27;19:50
ETHUSD;15;BellCurve;SMI-climax;;;;;;;;;;;;;;;;;;;;;;;;;;;;;;;2025.09.27;19:50
ETHUSD;15;BellCurve;RSI_BB_Stoc;;;;;;;;;;;;;;;;;;;;;;;;;;;;;;;2025.09.27;19:50
ETHUSD;15;BellCurve;ADX;;;;;;;;;;;;;;;;;;;;;;;;;;;;;;;2025.09.27;19:50
ETHUSD;15;BellCurve;MFI;;;;;;;;;;;;;;;;;;;;;;;;;;;;;;;2025.09.27;19:50
ETHUSD;15;BellCurve;BB_RSI;;;;;;;;;;;;;;;;;;;;;;;;;;;;;;;2025.09.27;19:50
ETHUSD;15;BellCurve;CCI;;;;;;;;;;;;;;;;;;;;;;;;;;;;;;;2025.09.27;19:50
BTCUSD;15;Setup;Trend_Cont;;;;;;;;;;;;;;;;;;;;;;;;;;;;;;;2025.09.27;20:05
BTCUSD;15;Setup;Trend_Reversal;;;;;;;;;;;;;;;;;;;;;;;;;;;;;;;2025.09.27;20:05
BTCUSD;15;Setup;MACD_Div_Partial;b;;;;;;;;;;;;;;;;;;;;;;;;;;;;;;2025.09.27;20:05
BTCUSD;15;Setup;MACD_Div_Full;;;;;;;;;;;;;;;;;;;;;;;;;;;;;;;2025.09.27;20:05
BTCUSD;15;Setup;REload_ST;;;;;;;;;;;;;;;;;;;;;;;;;;;;;;;2025.09.27;20:05
BTCUSD;15;Setup;REload_MT;;;;;;;;;;;;;;;;;;;;;;;;;;;;;;;2025.09.27;20:05
BTCUSD;15;Setup;CycleAfter_X;;;;;;;;;;;;;;;;;;;;;;;;;;;;;;;2025.09.27;20:05
BTCUSD;15;Setup;CycleAfter_DAD;;;;;;;;;;;;;;;;;;;;;;;;;;s;s;s;;;2025.09.27;20:05
BTCUSD;15;Setup;MT_MOM_Wave3;;;;;;;;;;;;;;;;;;;;;;;;;;;;;;;2025.09.27;20:05
BTCUSD;15;Setup;MT_MOM_Wave2;;s;s;s;s;s;s;s;s;s;s;s;s;s;s;;s;;;b;;;;;;;;;;;2025.09.27;20:05
BTCUSD;15;Setup;X_Marks_the_spot;;;;;;;;;;;;;;;;;;;;;;;;;;;;;;;2025.09.27;20:05
BTCUSD;15;Setup;ImpulseWithoutRetrace;;;;;;;;;;;;;;;;;;;;;;;;;;;;;;;2025.09.27;20:05
BTCUSD;15;Setup;MT_Rubberband;;;;;;;;;;;;;;;;;;;;;;;;;;;;;;;2025.09.27;20:05
BTCUSD;15;Setup;ST_Rubberband;;;;;;;;;;;;;;;;;;;;;;;;;;;;;;;2025.09.27;20:05
BTCUSD;15;Setup;LT_Conv.;b;s;s;s;s;s;s;s;s;s;s;s;s;s;s;;s;;;b;;;;;;;s;;;;2025.09.27;20:05
BTCUSD;15;K_D_MOM;MT_D_Angle;;;;;;;;;;;;;;;;;;;;;;;;;;;;;;;2025.09.27;20:05
BTCUSD;15;K_D_MOM;MT_K_Angle;;;;;;;;;;;;;;;;;;;;;;;;;;;;;;;2025.09.27;20:05
BTCUSD;15;K_D_MOM;MT_MOM_Angle;;;;;;;;;;;;;;;;;;;;;;;;;;;;;;;2025.09.27;20:05
BTCUSD;15;K_D_MOM;ST_D_Angle;;;;;;;;;;;;;;;;;;;;;;;;;;;;;;;2025.09.27;20:05
BTCUSD;15;K_D_MOM;ST_K_Angle;;;;;;;;;;;;;;;;;;;;;;;;;;;;;;;2025.09.27;20:05
BTCUSD;15;K_D_MOM;ST_MOM_Angle;;;;;;;;;;;;;;;;;;;;;;;;;;;;;;;2025.09.27;20:05
BTCUSD;15;TRIGGER;P.ActionBar;;;;;;;;;;;;;;;;;;;;;;;;;;;;;;;2025.09.27;20:05
BTCUSD;30;Setup;Trend_Cont;;;;;;s3;s3;s3;s3;;;;;;;;;;;;;;;;;;;;;;2025.09.27;20:05
BTCUSD;30;Setup;Trend_Reversal;;;;;;;;;;;;;;;;;;;;;;;;;;;;;;;2025.09.27;20:05
BTCUSD;30;Setup;MACD_Div_Partial;;;;;;;;;;;;;b;b;b;b;b;;;b;b;b;b;b;b;;;;;;2025.09.27;20:05
BTCUSD;30;Setup;MACD_Div_Full;;;;;;;;;;;;;;;;;;;;;;;;;;;;;;;2025.09.27;20:05
BTCUSD;30;Setup;REload_ST;;;;;;;;;;;;;;;;;;;;;;;;;;;;;;;2025.09.27;20:05
BTCUSD;30;Setup;REload_MT;;;;;;;;;;;;;;;;;;;;;;;;;;;;;;;2025.09.27;20:05
BTCUSD;30;Setup;CycleAfter_X;;;;;;;;;;;;;;;;;;;;;;;;;;;;;;;2025.09.27;20:05
BTCUSD;30;Setup;CycleAfter_DAD;;;;;;;;;;;;;;;;;;;;;;;;;;;;;;;2025.09.27;20:05
BTCUSD;30;Setup;MT_MOM_Wave3;;;;;;;;;;;;;;;;;;;;;;;;;;;;;;;2025.09.27;20:05
BTCUSD;30;Setup;MT_MOM_Wave2;;;;;;;;;;;;;;;;;;;;;;;;;;;;;;;2025.09.27;20:05
BTCUSD;30;Setup;X_Marks_the_spot;;;;;;;;;;;;;;;;;;;;;;;;;;;;;;;2025.09.27;20:05
BTCUSD;30;Setup;ImpulseWithoutRetrace;;;;;;;;;;;;;;;;;;;;;;;;;;;;;;;2025.09.27;20:05
BTCUSD;30;Setup;MT_Rubberband;;;;;;;;;;;;;;;;;;;;;;;;;;;;;;;2025.09.27;20:05
BTCUSD;30;Setup;ST_Rubberband;;;;;;;;;;;;;;b;;;;;b;;b;b;b;;b;;;b;b;b;2025.09.27;20:05
BTCUSD;30;Setup;LT_Conv.;;;;;;;;;;;;;b;b;b;b;b;;b;b;b;b;b;b;b;;;b;b;b;2025.09.27;20:05
BTCUSD;30;K_D_MOM;MT_D_Angle;;;;;;;;;;;;;;;;;;;;b;b;b;b;b;b;;;b;b;b;2025.09.27;20:05
BTCUSD;30;K_D_MOM;MT_K_Angle;;;;;;;s;s;s;;;;;;b;b;b;;b;b;b;;b;b;b;;;;b;b;2025.09.27;20:05
BTCUSD;30;K_D_MOM;MT_MOM_Angle;;;;;;;;;s;;;;;;b;b;;;;b;b;b;b;;b;;;;b;b;2025.09.27;20:05
BTCUSD;30;K_D_MOM;ST_D_Angle;;;;;;;s;s;s;;;;;;b;b;;;;;b;;b;;;;;;;;2025.09.27;20:05
BTCUSD;30;K_D_MOM;ST_K_Angle;;;;;;;s;;;;;;;;b;;;;;b;b;;b;;;;;;;;2025.09.27;20:05
BTCUSD;30;K_D_MOM;ST_MOM_Angle;;;;;;;s;s;s;;;;;;b;b;;;;b;b;;b;;b;;;;b;b;2025.09.27;20:05
BTCUSD;30;TRIGGER;P.ActionBar;;;;;;;;;;;;;;;;;;;;;;;;;;;;;;;2025.09.27;20:05
BTCUSD;30;TRIGGER;Stoc_Div.;;;;;;;;;;;;;;;;;;;;;;;;;;;;;;;2025.09.27;20:05
BTCUSD;30;BellCurve;TD_Countdown;;;;;;;;;;;;;;;;;;;;;;;;;;;;;;;2025.09.27;20:05
BTCUSD;30;BellCurve;TD_Nine;;;;;;;;;;;;;b;b;b;b;b;b;b;b;b;b;b;b;b;b;;;;;2025.09.27;20:05
BTCUSD;30;BellCurve;Riding21EMA;;;;;;;;;;;;;;;;;;;;;;;;;;;;;;;2025.09.27;20:05
BTCUSD;30;BellCurve;Riding8EMA;;;;;;;;;;;;;;;;;;;;;;;;;;;;;;;2025.09.27;20:05
BTCUSD;30;BellCurve;SMI-div.;;;;;;;;;;;;;;;;;;;;;;;;;;;;;;;2025.09.27;20:05
BTCUSD;30;BellCurve;SMI-climax;;;;;;;;;;;;;;;;;;;;;;;;;;;;;;;2025.09.27;20:05
BTCUSD;30;BellCurve;RSI_BB_Stoc;;;;;;;;;;;;;;;;;;;;;;;;;;;;;;;2025.09.27;20:05
BTCUSD;30;BellCurve;ADX;;;;;;;;;;;;;;;;;;;;;;;;;;;;;;;2025.09.27;20:05
BTCUSD;30;BellCurve;MFI;;;;;;;;;;;;;;;;;;;;;;;;;;;;;;;2025.09.27;20:05
BTCUSD;30;BellCurve;BB_RSI;;;;;;;;;;;;;;;;;;;;;;;;;;;;;;;2025.09.27;20:05
BTCUSD;30;BellCurve;CCI;;;;;;;;;;;;;;;;;;;;;;;;;;;;;;;2025.09.27;20:05
